time,evspsbl
2011-01-01 12:00:00,1.4059682e-05
2011-01-02 12:00:00,1.2208111e-05
2011-01-03 12:00:00,1.0630829e-05
2011-01-04 12:00:00,9.810858e-06
2011-01-05 12:00:00,9.796306e-06
2011-01-06 12:00:00,1.8530758e-05
2011-01-07 12:00:00,5.7869445e-05
2011-01-08 12:00:00,8.332357e-05
2011-01-09 12:00:00,6.003762e-05
2011-01-10 12:00:00,2.0182502e-05
2011-01-11 12:00:00,1.496755e-05
2011-01-12 12:00:00,7.954163e-05
2011-01-13 12:00:00,3.847789e-05
2011-01-14 12:00:00,4.1616287e-05
2011-01-15 12:00:00,1.8870065e-05
2011-01-16 12:00:00,2.5508823e-05
2011-01-17 12:00:00,2.6820402e-05
2011-01-18 12:00:00,4.0244355e-05
2011-01-19 12:00:00,2.4594572e-05
2011-01-20 12:00:00,2.1918866e-05
2011-01-21 12:00:00,1.096788e-05
2011-01-22 12:00:00,2.0453073e-05
2011-01-23 12:00:00,1.5969359e-05
2011-01-24 12:00:00,2.6853071e-05
2011-01-25 12:00:00,3.5375342e-05
2011-01-26 12:00:00,2.4778215e-05
2011-01-27 12:00:00,6.542938e-05
2011-01-28 12:00:00,5.9072132e-05
2011-01-29 12:00:00,2.9139977e-05
2011-01-30 12:00:00,5.2757605e-05
2011-02-01 12:00:00,6.082021e-05
2011-02-02 12:00:00,7.1683186e-05
2011-02-03 12:00:00,1.439215e-05
2011-02-04 12:00:00,1.5835773e-05
2011-02-05 12:00:00,9.015358e-05
2011-02-06 12:00:00,7.711927e-05
2011-02-07 12:00:00,2.99018e-05
2011-02-08 12:00:00,3.160836e-05
2011-02-09 12:00:00,3.0058261e-05
2011-02-10 12:00:00,1.8223143e-05
2011-02-11 12:00:00,5.791799e-05
2011-02-12 12:00:00,5.6644516e-05
2011-02-13 12:00:00,3.455508e-05
2011-02-14 12:00:00,4.393875e-05
2011-02-15 12:00:00,2.6124791e-05
2011-02-16 12:00:00,2.2523142e-05
2011-02-17 12:00:00,1.3752695e-05
2011-02-18 12:00:00,2.916735e-05
2011-02-19 12:00:00,4.654201e-05
2011-02-20 12:00:00,1.1131298e-05
2011-02-21 12:00:00,1.7732425e-05
2011-02-22 12:00:00,3.0338575e-05
2011-02-23 12:00:00,3.3934324e-05
2011-02-24 12:00:00,1.2680748e-05
2011-02-25 12:00:00,6.723637e-06
2011-02-26 12:00:00,9.218496e-06
2011-02-27 12:00:00,5.4289514e-05
2011-02-28 12:00:00,2.1922504e-05
2011-02-29 12:00:00,1.4635312e-05
2011-02-30 12:00:00,7.644325e-06
2011-03-01 12:00:00,9.4975985e-06
2011-03-02 12:00:00,9.030366e-06
2011-03-03 12:00:00,2.0249456e-05
2011-03-04 12:00:00,1.1649769e-05
2011-03-05 12:00:00,1.404197e-05
2011-03-06 12:00:00,1.3441473e-05
2011-03-07 12:00:00,6.5922213e-06
2011-03-08 12:00:00,8.81491e-06
2011-03-09 12:00:00,1.2296383e-05
2011-03-10 12:00:00,1.5594123e-05
2011-03-11 12:00:00,3.9241088e-05
2011-03-12 12:00:00,4.0431056e-05
2011-03-13 12:00:00,2.4743524e-05
2011-03-14 12:00:00,6.578825e-05
2011-03-15 12:00:00,2.3969944e-05
2011-03-16 12:00:00,4.69285e-05
2011-03-17 12:00:00,2.34459e-05
2011-03-18 12:00:00,1.5818816e-05
2011-03-19 12:00:00,3.0830095e-05
2011-03-20 12:00:00,2.5349866e-05
2011-03-21 12:00:00,2.4695983e-05
2011-03-22 12:00:00,3.6253143e-05
2011-03-23 12:00:00,8.60578e-05
2011-03-24 12:00:00,0.00010360048
2011-03-25 12:00:00,8.511159e-05
2011-03-26 12:00:00,4.3000255e-05
2011-03-27 12:00:00,6.728417e-05
2011-03-28 12:00:00,3.2774275e-05
2011-03-29 12:00:00,1.4855017e-05
2011-03-30 12:00:00,1.2802091e-05
2011-04-01 12:00:00,7.538125e-06
2011-04-02 12:00:00,1.2626865e-05
2011-04-03 12:00:00,1.35665905e-05
2011-04-04 12:00:00,2.917695e-05
2011-04-05 12:00:00,4.426425e-05
2011-04-06 12:00:00,3.394969e-05
2011-04-07 12:00:00,1.819554e-05
2011-04-08 12:00:00,7.1199474e-06
2011-04-09 12:00:00,2.0984935e-05
2011-04-10 12:00:00,3.4017594e-05
2011-04-11 12:00:00,1.3443976e-05
2011-04-12 12:00:00,2.2736567e-05
2011-04-13 12:00:00,4.8983333e-05
2011-04-14 12:00:00,4.8756032e-05
2011-04-15 12:00:00,3.444105e-05
2011-04-16 12:00:00,1.9145475e-05
2011-04-17 12:00:00,3.3283563e-05
2011-04-18 12:00:00,3.660492e-05
2011-04-19 12:00:00,3.46565e-05
2011-04-20 12:00:00,6.1034123e-05
2011-04-21 12:00:00,7.6783195e-05
2011-04-22 12:00:00,5.788221e-05
2011-04-23 12:00:00,1.6969789e-05
2011-04-24 12:00:00,4.3043066e-05
2011-04-25 12:00:00,7.9293175e-05
2011-04-26 12:00:00,5.6851175e-05
2011-04-27 12:00:00,2.0120351e-05
2011-04-28 12:00:00,8.360701e-06
2011-04-29 12:00:00,1.4895995e-05
2011-04-30 12:00:00,1.7689716e-05
2011-05-01 12:00:00,1.3659665e-05
2011-05-02 12:00:00,1.3812067e-05
2011-05-03 12:00:00,2.1841784e-05
2011-05-04 12:00:00,2.1722633e-05
2011-05-05 12:00:00,1.7433631e-05
2011-05-06 12:00:00,1.6830265e-05
2011-05-07 12:00:00,2.3226836e-05
2011-05-08 12:00:00,4.5221183e-05
2011-05-09 12:00:00,3.6473473e-05
2011-05-10 12:00:00,2.643517e-05
2011-05-11 12:00:00,2.3441433e-05
2011-05-12 12:00:00,1.9228828e-05
2011-05-13 12:00:00,1.9467392e-05
2011-05-14 12:00:00,2.6056034e-05
2011-05-15 12:00:00,6.414791e-05
2011-05-16 12:00:00,5.2871343e-05
2011-05-17 12:00:00,5.9744325e-05
2011-05-18 12:00:00,3.7286147e-05
2011-05-19 12:00:00,2.3487155e-05
2011-05-20 12:00:00,2.8851078e-05
2011-05-21 12:00:00,2.9828429e-05
2011-05-22 12:00:00,1.9268657e-05
2011-05-23 12:00:00,2.0669468e-05
2011-05-24 12:00:00,2.5361805e-05
2011-05-25 12:00:00,4.50315e-05
2011-05-26 12:00:00,3.832084e-05
2011-05-27 12:00:00,1.9153536e-05
2011-05-28 12:00:00,1.7389495e-05
2011-05-29 12:00:00,4.0591578e-05
2011-05-30 12:00:00,8.5148866e-05
2011-06-01 12:00:00,5.0207236e-05
2011-06-02 12:00:00,3.0383395e-05
2011-06-03 12:00:00,2.1590371e-05
2011-06-04 12:00:00,1.7814862e-05
2011-06-05 12:00:00,2.2830587e-05
2011-06-06 12:00:00,1.339578e-05
2011-06-07 12:00:00,1.715876e-05
2011-06-08 12:00:00,1.3912766e-05
2011-06-09 12:00:00,1.6557227e-05
2011-06-10 12:00:00,1.2289442e-05
2011-06-11 12:00:00,1.6572187e-05
2011-06-12 12:00:00,1.2694931e-05
2011-06-13 12:00:00,1.9161365e-05
2011-06-14 12:00:00,2.1904532e-05
2011-06-15 12:00:00,1.9557847e-05
2011-06-16 12:00:00,2.1115164e-05
2011-06-17 12:00:00,1.6663167e-05
2011-06-18 12:00:00,2.46485e-05
2011-06-19 12:00:00,0.00010130124
2011-06-20 12:00:00,6.966053e-05
2011-06-21 12:00:00,4.4637825e-05
2011-06-22 12:00:00,3.9831808e-05
2011-06-23 12:00:00,2.1652682e-05
2011-06-24 12:00:00,1.6854581e-05
2011-06-25 12:00:00,2.4254507e-05
2011-06-26 12:00:00,3.1974472e-05
2011-06-27 12:00:00,1.7273705e-05
2011-06-28 12:00:00,1.8773033e-05
2011-06-29 12:00:00,2.1144253e-05
2011-06-30 12:00:00,2.0704247e-05
2011-07-01 12:00:00,4.015483e-05
2011-07-02 12:00:00,2.848568e-05
2011-07-03 12:00:00,3.625751e-05
2011-07-04 12:00:00,3.768358e-05
2011-07-05 12:00:00,3.0275478e-05
2011-07-06 12:00:00,3.3066535e-05
2011-07-07 12:00:00,4.396576e-05
2011-07-08 12:00:00,4.6330897e-05
2011-07-09 12:00:00,5.37187e-05
2011-07-10 12:00:00,3.311799e-05
2011-07-11 12:00:00,2.340597e-05
2011-07-12 12:00:00,3.172984e-05
2011-07-13 12:00:00,3.0592368e-05
2011-07-14 12:00:00,5.4424527e-05
2011-07-15 12:00:00,0.00010322846
2011-07-16 12:00:00,9.57607e-05
2011-07-17 12:00:00,0.00017288311
2011-07-18 12:00:00,0.0001835546
2011-07-19 12:00:00,0.00016226363
2011-07-20 12:00:00,0.0001114872
2011-07-21 12:00:00,6.6805165e-05
2011-07-22 12:00:00,6.081957e-05
2011-07-23 12:00:00,6.585372e-05
2011-07-24 12:00:00,8.99203e-05
2011-07-25 12:00:00,5.4207543e-05
2011-07-26 12:00:00,4.986144e-05
2011-07-27 12:00:00,3.7124613e-05
2011-07-28 12:00:00,3.0591997e-05
2011-07-29 12:00:00,2.4297331e-05
2011-07-30 12:00:00,2.2186374e-05
2011-08-01 12:00:00,2.5466026e-05
2011-08-02 12:00:00,2.5369693e-05
2011-08-03 12:00:00,4.0601255e-05
2011-08-04 12:00:00,4.9146445e-05
2011-08-05 12:00:00,3.4001903e-05
2011-08-06 12:00:00,3.0517942e-05
2011-08-07 12:00:00,2.8999464e-05
2011-08-08 12:00:00,2.7279995e-05
2011-08-09 12:00:00,4.1306834e-05
2011-08-10 12:00:00,4.6561283e-05
2011-08-11 12:00:00,5.0493865e-05
2011-08-12 12:00:00,8.188152e-05
2011-08-13 12:00:00,9.066511e-05
2011-08-14 12:00:00,0.00010751675
2011-08-15 12:00:00,8.797672e-05
2011-08-16 12:00:00,9.1651935e-05
2011-08-17 12:00:00,5.439164e-05
2011-08-18 12:00:00,5.226102e-05
2011-08-19 12:00:00,6.0657214e-05
2011-08-20 12:00:00,0.00017901987
2011-08-21 12:00:00,0.00010695982
2011-08-22 12:00:00,5.3003285e-05
2011-08-23 12:00:00,5.155029e-05
2011-08-24 12:00:00,4.1634616e-05
2011-08-25 12:00:00,3.2410695e-05
2011-08-26 12:00:00,5.482936e-05
2011-08-27 12:00:00,7.8542726e-05
2011-08-28 12:00:00,8.7080945e-05
2011-08-29 12:00:00,7.620746e-05
2011-08-30 12:00:00,5.0800343e-05
2011-09-01 12:00:00,4.2923522e-05
2011-09-02 12:00:00,0.000120804296
2011-09-03 12:00:00,8.600613e-05
2011-09-04 12:00:00,6.133619e-05
2011-09-05 12:00:00,3.2143827e-05
2011-09-06 12:00:00,2.8964001e-05
2011-09-07 12:00:00,3.1211923e-05
2011-09-08 12:00:00,2.6059628e-05
2011-09-09 12:00:00,2.8927607e-05
2011-09-10 12:00:00,2.98003e-05
2011-09-11 12:00:00,4.5373643e-05
2011-09-12 12:00:00,0.00017537732
2011-09-13 12:00:00,0.00015844687
2011-09-14 12:00:00,0.00010796635
2011-09-15 12:00:00,7.356491e-05
2011-09-16 12:00:00,2.7329137e-05
2011-09-17 12:00:00,2.8419337e-05
2011-09-18 12:00:00,3.3311324e-05
2011-09-19 12:00:00,0.0001032161
2011-09-20 12:00:00,7.507893e-05
2011-09-21 12:00:00,3.8149825e-05
2011-09-22 12:00:00,2.6866357e-05
2011-09-23 12:00:00,3.350932e-05
2011-09-24 12:00:00,2.4342244e-05
2011-09-25 12:00:00,3.286507e-05
2011-09-26 12:00:00,3.590768e-05
2011-09-27 12:00:00,3.6119265e-05
2011-09-28 12:00:00,3.2159573e-05
2011-09-29 12:00:00,4.543565e-05
2011-09-30 12:00:00,6.262891e-05
2011-10-01 12:00:00,6.189432e-05
2011-10-02 12:00:00,7.025302e-05
2011-10-03 12:00:00,2.9557166e-05
2011-10-04 12:00:00,4.849379e-05
2011-10-05 12:00:00,0.00014811697
2011-10-06 12:00:00,0.00019229691
2011-10-07 12:00:00,0.00011003247
2011-10-08 12:00:00,6.0450155e-05
2011-10-09 12:00:00,4.820092e-05
2011-10-10 12:00:00,3.3677945e-05
2011-10-11 12:00:00,5.9875747e-05
2011-10-12 12:00:00,0.00010771035
2011-10-13 12:00:00,9.783833e-05
2011-10-14 12:00:00,0.00013120454
2011-10-15 12:00:00,0.00012655853
2011-10-16 12:00:00,0.00013406806
2011-10-17 12:00:00,5.4245684e-05
2011-10-18 12:00:00,3.3369186e-05
2011-10-19 12:00:00,2.4548324e-05
2011-10-20 12:00:00,2.1972694e-05
2011-10-21 12:00:00,8.9999885e-05
2011-10-22 12:00:00,0.00010808908
2011-10-23 12:00:00,0.00016170336
2011-10-24 12:00:00,0.00021321655
2011-10-25 12:00:00,0.00013202567
2011-10-26 12:00:00,0.00018965054
2011-10-27 12:00:00,0.00018231393
2011-10-28 12:00:00,0.000103531085
2011-10-29 12:00:00,0.0001225586
2011-10-30 12:00:00,0.0001201835
2011-11-01 12:00:00,3.6748468e-05
2011-11-02 12:00:00,2.9531957e-05
2011-11-03 12:00:00,2.6457914e-05
2011-11-04 12:00:00,2.2648805e-05
2011-11-05 12:00:00,2.6781625e-05
2011-11-06 12:00:00,2.2138436e-05
2011-11-07 12:00:00,6.725488e-05
2011-11-08 12:00:00,8.066656e-05
2011-11-09 12:00:00,4.528933e-05
2011-11-10 12:00:00,4.5302222e-05
2011-11-11 12:00:00,6.9890695e-05
2011-11-12 12:00:00,4.57422e-05
2011-11-13 12:00:00,0.000101649624
2011-11-14 12:00:00,0.00012587779
2011-11-15 12:00:00,6.808508e-05
2011-11-16 12:00:00,2.5311485e-05
2011-11-17 12:00:00,1.676871e-05
2011-11-18 12:00:00,1.7178027e-05
2011-11-19 12:00:00,8.447228e-05
2011-11-20 12:00:00,0.00015078428
2011-11-21 12:00:00,9.043832e-05
2011-11-22 12:00:00,2.7187034e-05
2011-11-23 12:00:00,3.7465375e-05
2011-11-24 12:00:00,4.8026715e-05
2011-11-25 12:00:00,7.679745e-05
2011-11-26 12:00:00,7.023782e-05
2011-11-27 12:00:00,5.0832823e-05
2011-11-28 12:00:00,1.372995e-05
2011-11-29 12:00:00,2.5991772e-05
2011-11-30 12:00:00,3.6535974e-05
2011-12-01 12:00:00,3.1426374e-05
2011-12-02 12:00:00,6.903698e-05
2011-12-03 12:00:00,2.4682027e-05
2011-12-04 12:00:00,2.2019289e-05
2011-12-05 12:00:00,7.624329e-05
2011-12-06 12:00:00,8.286824e-05
2011-12-07 12:00:00,7.904018e-05
2011-12-08 12:00:00,4.1894004e-05
2011-12-09 12:00:00,1.6328937e-05
2011-12-10 12:00:00,1.8717292e-05
2011-12-11 12:00:00,1.7281964e-05
2011-12-12 12:00:00,3.79627e-05
2011-12-13 12:00:00,5.691494e-05
2011-12-14 12:00:00,4.139029e-05
2011-12-15 12:00:00,6.0587656e-05
2011-12-16 12:00:00,5.7077777e-05
2011-12-17 12:00:00,3.21868e-05
2011-12-18 12:00:00,2.0488544e-05
2011-12-19 12:00:00,2.613524e-05
2011-12-20 12:00:00,1.7267666e-05
2011-12-21 12:00:00,1.7851897e-05
2011-12-22 12:00:00,1.34222355e-05
2011-12-23 12:00:00,2.1825268e-05
2011-12-24 12:00:00,1.6584992e-05
2011-12-25 12:00:00,1.4003555e-05
2011-12-26 12:00:00,1.48226245e-05
2011-12-27 12:00:00,1.5165288e-05
2011-12-28 12:00:00,4.251897e-05
2011-12-29 12:00:00,4.8116926e-05
2011-12-30 12:00:00,9.214632e-05
2012-01-01 12:00:00,6.834525e-05
2012-01-02 12:00:00,9.044673e-05
2012-01-03 12:00:00,7.4415526e-05
2012-01-04 12:00:00,3.3554767e-05
2012-01-05 12:00:00,2.6885304e-05
2012-01-06 12:00:00,1.9116458e-05
2012-01-07 12:00:00,1.8347127e-05
2012-01-08 12:00:00,1.8903069e-05
2012-01-09 12:00:00,2.5032743e-05
2012-01-10 12:00:00,3.3032033e-05
2012-01-11 12:00:00,5.0822302e-05
2012-01-12 12:00:00,2.2245564e-05
2012-01-13 12:00:00,1.867181e-05
2012-01-14 12:00:00,2.210401e-05
2012-01-15 12:00:00,1.8637002e-05
2012-01-16 12:00:00,8.682265e-05
2012-01-17 12:00:00,0.00010056849
2012-01-18 12:00:00,0.00010620142
2012-01-19 12:00:00,8.9001536e-05
2012-01-20 12:00:00,9.829948e-05
2012-01-21 12:00:00,9.23606e-05
2012-01-22 12:00:00,6.203594e-05
2012-01-23 12:00:00,8.405985e-05
2012-01-24 12:00:00,8.312438e-05
2012-01-25 12:00:00,6.688708e-05
2012-01-26 12:00:00,4.683282e-05
2012-01-27 12:00:00,2.5321773e-05
2012-01-28 12:00:00,1.7623199e-05
2012-01-29 12:00:00,1.5939433e-05
2012-01-30 12:00:00,2.5053454e-05
2012-02-01 12:00:00,5.189229e-05
2012-02-02 12:00:00,3.4215234e-05
2012-02-03 12:00:00,2.3518951e-05
2012-02-04 12:00:00,6.7516085e-06
2012-02-05 12:00:00,9.2427545e-06
2012-02-06 12:00:00,1.62332e-05
2012-02-07 12:00:00,3.442928e-05
2012-02-08 12:00:00,0.00010054934
2012-02-09 12:00:00,9.5552634e-05
2012-02-10 12:00:00,4.1748543e-05
2012-02-11 12:00:00,3.442522e-05
2012-02-12 12:00:00,1.741157e-05
2012-02-13 12:00:00,1.879714e-05
2012-02-14 12:00:00,2.783597e-05
2012-02-15 12:00:00,5.8278383e-05
2012-02-16 12:00:00,4.1632942e-05
2012-02-17 12:00:00,2.0810956e-05
2012-02-18 12:00:00,2.2318694e-05
2012-02-19 12:00:00,3.6914804e-05
2012-02-20 12:00:00,5.061878e-05
2012-02-21 12:00:00,5.5776734e-05
2012-02-22 12:00:00,6.558123e-05
2012-02-23 12:00:00,3.2069307e-05
2012-02-24 12:00:00,2.5191332e-05
2012-02-25 12:00:00,2.1795353e-05
2012-02-26 12:00:00,1.8678358e-05
2012-02-27 12:00:00,2.3505054e-05
2012-02-28 12:00:00,4.494768e-05
2012-02-29 12:00:00,1.6706035e-05
2012-02-30 12:00:00,2.2344655e-05
2012-03-01 12:00:00,2.1560918e-05
2012-03-02 12:00:00,1.3079087e-05
2012-03-03 12:00:00,1.0226926e-05
2012-03-04 12:00:00,9.224255e-06
2012-03-05 12:00:00,9.579919e-06
2012-03-06 12:00:00,5.7130514e-05
2012-03-07 12:00:00,3.7828257e-05
2012-03-08 12:00:00,2.6680398e-05
2012-03-09 12:00:00,2.5472284e-05
2012-03-10 12:00:00,8.7837136e-05
2012-03-11 12:00:00,4.9382084e-05
2012-03-12 12:00:00,4.5509805e-05
2012-03-13 12:00:00,2.5189302e-05
2012-03-14 12:00:00,3.0176045e-05
2012-03-15 12:00:00,6.2601655e-05
2012-03-16 12:00:00,8.102108e-05
2012-03-17 12:00:00,8.6814696e-05
2012-03-18 12:00:00,6.746326e-05
2012-03-19 12:00:00,4.4132226e-05
2012-03-20 12:00:00,3.7141835e-05
2012-03-21 12:00:00,3.484162e-05
2012-03-22 12:00:00,2.3001965e-05
2012-03-23 12:00:00,1.59302e-05
2012-03-24 12:00:00,1.6656108e-05
2012-03-25 12:00:00,1.4698686e-05
2012-03-26 12:00:00,1.315504e-05
2012-03-27 12:00:00,1.3874666e-05
2012-03-28 12:00:00,1.7536178e-05
2012-03-29 12:00:00,1.9536426e-05
2012-03-30 12:00:00,1.5386677e-05
2012-04-01 12:00:00,9.911862e-06
2012-04-02 12:00:00,5.770853e-06
2012-04-03 12:00:00,1.0300305e-05
2012-04-04 12:00:00,1.177669e-05
2012-04-05 12:00:00,1.14968425e-05
2012-04-06 12:00:00,1.4986785e-05
2012-04-07 12:00:00,1.1190365e-05
2012-04-08 12:00:00,1.234551e-05
2012-04-09 12:00:00,2.8030427e-05
2012-04-10 12:00:00,3.7424514e-05
2012-04-11 12:00:00,4.4123604e-05
2012-04-12 12:00:00,5.7884874e-05
2012-04-13 12:00:00,8.0762955e-05
2012-04-14 12:00:00,5.914255e-05
2012-04-15 12:00:00,3.0451032e-05
2012-04-16 12:00:00,3.7255435e-05
2012-04-17 12:00:00,6.857484e-05
2012-04-18 12:00:00,5.661037e-05
2012-04-19 12:00:00,3.6875615e-05
2012-04-20 12:00:00,3.4331548e-05
2012-04-21 12:00:00,3.6582976e-05
2012-04-22 12:00:00,2.3073982e-05
2012-04-23 12:00:00,1.2806762e-05
2012-04-24 12:00:00,8.259123e-05
2012-04-25 12:00:00,7.365457e-05
2012-04-26 12:00:00,2.4829384e-05
2012-04-27 12:00:00,1.2208053e-05
2012-04-28 12:00:00,2.2637298e-05
2012-04-29 12:00:00,1.577274e-05
2012-04-30 12:00:00,2.3843284e-05
2012-05-01 12:00:00,4.308154e-05
2012-05-02 12:00:00,2.4353081e-05
2012-05-03 12:00:00,1.7708408e-05
2012-05-04 12:00:00,4.332965e-05
2012-05-05 12:00:00,4.9678856e-05
2012-05-06 12:00:00,2.9821758e-05
2012-05-07 12:00:00,1.8980776e-05
2012-05-08 12:00:00,1.28526735e-05
2012-05-09 12:00:00,1.4760968e-05
2012-05-10 12:00:00,3.3200427e-05
2012-05-11 12:00:00,2.6880385e-05
2012-05-12 12:00:00,7.4857686e-05
2012-05-13 12:00:00,0.00012690315
2012-05-14 12:00:00,0.000111413116
2012-05-15 12:00:00,6.088536e-05
2012-05-16 12:00:00,4.2665662e-05
2012-05-17 12:00:00,2.9817296e-05
2012-05-18 12:00:00,3.179758e-05
2012-05-19 12:00:00,5.5026583e-05
2012-05-20 12:00:00,2.9648465e-05
2012-05-21 12:00:00,2.3943416e-05
2012-05-22 12:00:00,7.25571e-05
2012-05-23 12:00:00,6.51117e-05
2012-05-24 12:00:00,7.078621e-05
2012-05-25 12:00:00,6.026632e-05
2012-05-26 12:00:00,3.1919302e-05
2012-05-27 12:00:00,1.6416036e-05
2012-05-28 12:00:00,2.0129599e-05
2012-05-29 12:00:00,4.042897e-05
2012-05-30 12:00:00,2.3219574e-05
2012-06-01 12:00:00,1.5331476e-05
2012-06-02 12:00:00,1.5891128e-05
2012-06-03 12:00:00,1.6194186e-05
2012-06-04 12:00:00,2.3704284e-05
2012-06-05 12:00:00,2.7456947e-05
2012-06-06 12:00:00,2.523989e-05
2012-06-07 12:00:00,2.6557114e-05
2012-06-08 12:00:00,1.04975625e-05
2012-06-09 12:00:00,1.6964448e-05
2012-06-10 12:00:00,1.5386293e-05
2012-06-11 12:00:00,4.738375e-05
2012-06-12 12:00:00,3.9269682e-05
2012-06-13 12:00:00,3.7077392e-05
2012-06-14 12:00:00,2.4053632e-05
2012-06-15 12:00:00,9.098803e-06
2012-06-16 12:00:00,1.1310811e-05
2012-06-17 12:00:00,8.438961e-06
2012-06-18 12:00:00,9.69859e-06
2012-06-19 12:00:00,1.45351805e-05
2012-06-20 12:00:00,1.1498298e-05
2012-06-21 12:00:00,2.032968e-05
2012-06-22 12:00:00,6.071078e-05
2012-06-23 12:00:00,0.00011580865
2012-06-24 12:00:00,8.8206216e-05
2012-06-25 12:00:00,4.707866e-05
2012-06-26 12:00:00,0.000110923094
2012-06-27 12:00:00,7.906306e-05
2012-06-28 12:00:00,5.077907e-05
2012-06-29 12:00:00,3.233031e-05
2012-06-30 12:00:00,6.137848e-05
2012-07-01 12:00:00,8.069302e-05
2012-07-02 12:00:00,5.762081e-05
2012-07-03 12:00:00,8.5489766e-05
2012-07-04 12:00:00,9.36493e-05
2012-07-05 12:00:00,0.000103305196
2012-07-06 12:00:00,0.00012880766
2012-07-07 12:00:00,9.692392e-05
2012-07-08 12:00:00,5.4409655e-05
2012-07-09 12:00:00,3.5109595e-05
2012-07-10 12:00:00,5.2251504e-05
2012-07-11 12:00:00,9.553372e-05
2012-07-12 12:00:00,8.846755e-05
2012-07-13 12:00:00,8.810645e-05
2012-07-14 12:00:00,7.010602e-05
2012-07-15 12:00:00,7.0499955e-05
2012-07-16 12:00:00,6.0291655e-05
2012-07-17 12:00:00,0.00012385499
2012-07-18 12:00:00,0.00010447082
2012-07-19 12:00:00,8.870644e-05
2012-07-20 12:00:00,3.4175406e-05
2012-07-21 12:00:00,4.5777182e-05
2012-07-22 12:00:00,9.326053e-05
2012-07-23 12:00:00,5.9480022e-05
2012-07-24 12:00:00,3.9695835e-05
2012-07-25 12:00:00,8.900535e-05
2012-07-26 12:00:00,0.00012388377
2012-07-27 12:00:00,8.426202e-05
2012-07-28 12:00:00,4.2812535e-05
2012-07-29 12:00:00,5.8804173e-05
2012-07-30 12:00:00,7.779423e-05
2012-08-01 12:00:00,6.162442e-05
2012-08-02 12:00:00,4.393603e-05
2012-08-03 12:00:00,8.7232824e-05
2012-08-04 12:00:00,8.80451e-05
2012-08-05 12:00:00,7.9007485e-05
2012-08-06 12:00:00,4.3737367e-05
2012-08-07 12:00:00,4.9733513e-05
2012-08-08 12:00:00,6.7431305e-05
2012-08-09 12:00:00,5.617393e-05
2012-08-10 12:00:00,6.810858e-05
2012-08-11 12:00:00,4.392136e-05
2012-08-12 12:00:00,4.420077e-05
2012-08-13 12:00:00,4.9110313e-05
2012-08-14 12:00:00,4.834206e-05
2012-08-15 12:00:00,4.9412818e-05
2012-08-16 12:00:00,6.813607e-05
2012-08-17 12:00:00,5.0644827e-05
2012-08-18 12:00:00,3.433654e-05
2012-08-19 12:00:00,3.030918e-05
2012-08-20 12:00:00,4.0962695e-05
2012-08-21 12:00:00,8.06358e-05
2012-08-22 12:00:00,0.000106268664
2012-08-23 12:00:00,7.703925e-05
2012-08-24 12:00:00,3.5715566e-05
2012-08-25 12:00:00,3.646595e-05
2012-08-26 12:00:00,3.4855853e-05
2012-08-27 12:00:00,3.1241663e-05
2012-08-28 12:00:00,4.1275693e-05
2012-08-29 12:00:00,3.089007e-05
2012-08-30 12:00:00,4.099407e-05
2012-09-01 12:00:00,2.9225339e-05
2012-09-02 12:00:00,3.8081664e-05
2012-09-03 12:00:00,1.5414636e-05
2012-09-04 12:00:00,2.5935558e-05
2012-09-05 12:00:00,3.7260863e-05
2012-09-06 12:00:00,0.00013210789
2012-09-07 12:00:00,7.531997e-05
2012-09-08 12:00:00,6.185563e-05
2012-09-09 12:00:00,4.597909e-05
2012-09-10 12:00:00,0.00020427743
2012-09-11 12:00:00,0.0001725614
2012-09-12 12:00:00,4.6522066e-05
2012-09-13 12:00:00,0.00012495958
2012-09-14 12:00:00,0.00017049801
2012-09-15 12:00:00,6.050212e-05
2012-09-16 12:00:00,4.6956775e-05
2012-09-17 12:00:00,2.8634764e-05
2012-09-18 12:00:00,1.9524508e-05
2012-09-19 12:00:00,3.328653e-05
2012-09-20 12:00:00,5.0892675e-05
2012-09-21 12:00:00,0.00015864409
2012-09-22 12:00:00,0.00019016089
2012-09-23 12:00:00,0.00012843148
2012-09-24 12:00:00,7.110255e-05
2012-09-25 12:00:00,6.368678e-05
2012-09-26 12:00:00,9.822079e-05
2012-09-27 12:00:00,8.569906e-05
2012-09-28 12:00:00,7.469639e-05
2012-09-29 12:00:00,0.00012480724
2012-09-30 12:00:00,0.00014786696
2012-10-01 12:00:00,3.5519493e-05
2012-10-02 12:00:00,8.7715816e-05
2012-10-03 12:00:00,0.0001108984
2012-10-04 12:00:00,8.9223686e-05
2012-10-05 12:00:00,4.0851926e-05
2012-10-06 12:00:00,4.199134e-05
2012-10-07 12:00:00,3.4823854e-05
2012-10-08 12:00:00,6.36843e-05
2012-10-09 12:00:00,4.6084504e-05
2012-10-10 12:00:00,2.5913905e-05
2012-10-11 12:00:00,2.3567452e-05
2012-10-12 12:00:00,1.7121012e-05
2012-10-13 12:00:00,2.7111586e-05
2012-10-14 12:00:00,3.1302174e-05
2012-10-15 12:00:00,2.756968e-05
2012-10-16 12:00:00,9.1953276e-05
2012-10-17 12:00:00,8.704545e-05
2012-10-18 12:00:00,6.302193e-05
2012-10-19 12:00:00,5.4463635e-05
2012-10-20 12:00:00,3.1413532e-05
2012-10-21 12:00:00,5.7306213e-05
2012-10-22 12:00:00,8.320519e-05
2012-10-23 12:00:00,5.0686373e-05
2012-10-24 12:00:00,3.831389e-05
2012-10-25 12:00:00,3.483655e-05
2012-10-26 12:00:00,2.2688982e-05
2012-10-27 12:00:00,2.3051645e-05
2012-10-28 12:00:00,3.855386e-05
2012-10-29 12:00:00,2.98034e-05
2012-10-30 12:00:00,3.019103e-05
2012-11-01 12:00:00,3.4175984e-05
2012-11-02 12:00:00,4.9397102e-05
2012-11-03 12:00:00,3.2164156e-05
2012-11-04 12:00:00,4.854992e-05
2012-11-05 12:00:00,5.5881676e-05
2012-11-06 12:00:00,2.568704e-05
2012-11-07 12:00:00,1.7639104e-05
2012-11-08 12:00:00,2.0704421e-05
2012-11-09 12:00:00,1.757983e-05
2012-11-10 12:00:00,3.8271108e-05
2012-11-11 12:00:00,3.6132304e-05
2012-11-12 12:00:00,2.3544111e-05
2012-11-13 12:00:00,1.1383221e-05
2012-11-14 12:00:00,1.5819707e-05
2012-11-15 12:00:00,1.8409362e-05
2012-11-16 12:00:00,2.8431074e-05
2012-11-17 12:00:00,2.8310329e-05
2012-11-18 12:00:00,2.1893298e-05
2012-11-19 12:00:00,3.4247136e-05
2012-11-20 12:00:00,4.2185944e-05
2012-11-21 12:00:00,5.1105788e-05
2012-11-22 12:00:00,5.280896e-05
2012-11-23 12:00:00,4.4794142e-05
2012-11-24 12:00:00,4.8546248e-05
2012-11-25 12:00:00,2.305699e-05
2012-11-26 12:00:00,1.787748e-05
2012-11-27 12:00:00,1.734469e-05
2012-11-28 12:00:00,1.688883e-05
2012-11-29 12:00:00,1.8857296e-05
2012-11-30 12:00:00,6.238966e-05
2012-12-01 12:00:00,7.665852e-05
2012-12-02 12:00:00,3.124276e-05
2012-12-03 12:00:00,7.674248e-05
2012-12-04 12:00:00,5.793592e-05
2012-12-05 12:00:00,2.3665343e-05
2012-12-06 12:00:00,1.9691608e-05
2012-12-07 12:00:00,1.8740131e-05
2012-12-08 12:00:00,2.5202593e-05
2012-12-09 12:00:00,3.1373358e-05
2012-12-10 12:00:00,3.3941178e-05
2012-12-11 12:00:00,2.8328388e-05
2012-12-12 12:00:00,2.8148032e-05
2012-12-13 12:00:00,2.4532086e-05
2012-12-14 12:00:00,1.5349447e-05
2012-12-15 12:00:00,1.1296521e-05
2012-12-16 12:00:00,1.8224979e-05
2012-12-17 12:00:00,2.1080737e-05
2012-12-18 12:00:00,2.6743019e-05
2012-12-19 12:00:00,3.2481024e-05
2012-12-20 12:00:00,1.4667603e-05
2012-12-21 12:00:00,2.8083668e-05
2012-12-22 12:00:00,2.3489629e-05
2012-12-23 12:00:00,1.0459898e-05
2012-12-24 12:00:00,2.449761e-05
2012-12-25 12:00:00,1.8852501e-05
2012-12-26 12:00:00,1.5966129e-05
2012-12-27 12:00:00,1.1309399e-05
2012-12-28 12:00:00,1.545588e-05
2012-12-29 12:00:00,2.4072127e-05
2012-12-30 12:00:00,2.6743874e-05
2013-01-01 12:00:00,3.9200968e-05
2013-01-02 12:00:00,4.138778e-05
2013-01-03 12:00:00,5.799906e-05
2013-01-04 12:00:00,0.000118306234
2013-01-05 12:00:00,8.00057e-05
2013-01-06 12:00:00,6.738854e-05
2013-01-07 12:00:00,8.886977e-05
2013-01-08 12:00:00,0.00010893759
2013-01-09 12:00:00,4.4018874e-05
2013-01-10 12:00:00,4.95684e-05
2013-01-11 12:00:00,8.906443e-05
2013-01-12 12:00:00,0.00010346573
2013-01-13 12:00:00,3.426474e-05
2013-01-14 12:00:00,3.1440934e-05
2013-01-15 12:00:00,3.2613767e-05
2013-01-16 12:00:00,7.934298e-05
2013-01-17 12:00:00,8.104046e-05
2013-01-18 12:00:00,7.848075e-05
2013-01-19 12:00:00,4.316258e-05
2013-01-20 12:00:00,3.5856956e-05
2013-01-21 12:00:00,3.393057e-05
2013-01-22 12:00:00,2.7410104e-05
2013-01-23 12:00:00,3.5464152e-05
2013-01-24 12:00:00,4.1848005e-05
2013-01-25 12:00:00,4.113205e-05
2013-01-26 12:00:00,4.046109e-05
2013-01-27 12:00:00,3.304539e-05
2013-01-28 12:00:00,1.6794613e-05
2013-01-29 12:00:00,1.8156687e-05
2013-01-30 12:00:00,6.476023e-05
2013-02-01 12:00:00,2.0929452e-05
2013-02-02 12:00:00,1.3846181e-05
2013-02-03 12:00:00,1.18147145e-05
2013-02-04 12:00:00,2.2593871e-05
2013-02-05 12:00:00,4.438765e-05
2013-02-06 12:00:00,2.6030291e-05
2013-02-07 12:00:00,3.671873e-05
2013-02-08 12:00:00,2.3129323e-05
2013-02-09 12:00:00,2.9804549e-05
2013-02-10 12:00:00,3.6149373e-05
2013-02-11 12:00:00,2.9507704e-05
2013-02-12 12:00:00,2.2553097e-05
2013-02-13 12:00:00,2.2457476e-05
2013-02-14 12:00:00,2.8061982e-05
2013-02-15 12:00:00,4.4934437e-05
2013-02-16 12:00:00,6.055359e-05
2013-02-17 12:00:00,5.35516e-05
2013-02-18 12:00:00,4.1160267e-05
2013-02-19 12:00:00,4.602314e-05
2013-02-20 12:00:00,3.0118157e-05
2013-02-21 12:00:00,2.962738e-05
2013-02-22 12:00:00,2.870299e-05
2013-02-23 12:00:00,7.291772e-05
2013-02-24 12:00:00,3.786078e-05
2013-02-25 12:00:00,2.5669986e-05
2013-02-26 12:00:00,4.6562505e-05
2013-02-27 12:00:00,4.6064844e-05
2013-02-28 12:00:00,5.229657e-05
2013-02-29 12:00:00,7.051189e-05
2013-02-30 12:00:00,5.92468e-05
2013-03-01 12:00:00,2.5258661e-05
2013-03-02 12:00:00,3.411404e-05
2013-03-03 12:00:00,3.074736e-05
2013-03-04 12:00:00,4.6277637e-05
2013-03-05 12:00:00,2.7523653e-05
2013-03-06 12:00:00,2.9871837e-05
2013-03-07 12:00:00,3.625961e-05
2013-03-08 12:00:00,2.8595241e-05
2013-03-09 12:00:00,3.743259e-05
2013-03-10 12:00:00,3.6537123e-05
2013-03-11 12:00:00,3.9509483e-05
2013-03-12 12:00:00,3.7371166e-05
2013-03-13 12:00:00,2.2677821e-05
2013-03-14 12:00:00,3.4351862e-05
2013-03-15 12:00:00,3.0810086e-05
2013-03-16 12:00:00,9.599692e-05
2013-03-17 12:00:00,0.0001023697
2013-03-18 12:00:00,7.793063e-05
2013-03-19 12:00:00,7.451697e-05
2013-03-20 12:00:00,4.7202368e-05
2013-03-21 12:00:00,2.1809348e-05
2013-03-22 12:00:00,4.00477e-05
2013-03-23 12:00:00,7.096444e-05
2013-03-24 12:00:00,7.334292e-05
2013-03-25 12:00:00,0.00011052558
2013-03-26 12:00:00,7.189582e-05
2013-03-27 12:00:00,5.395047e-05
2013-03-28 12:00:00,2.0391875e-05
2013-03-29 12:00:00,3.4695928e-05
2013-03-30 12:00:00,2.3760309e-05
2013-04-01 12:00:00,3.4764715e-05
2013-04-02 12:00:00,5.5977755e-05
2013-04-03 12:00:00,2.5166228e-05
2013-04-04 12:00:00,3.0331765e-05
2013-04-05 12:00:00,5.436351e-05
2013-04-06 12:00:00,4.008325e-05
2013-04-07 12:00:00,1.977665e-05
2013-04-08 12:00:00,1.166461e-05
2013-04-09 12:00:00,1.1614888e-05
2013-04-10 12:00:00,8.9633395e-06
2013-04-11 12:00:00,3.190289e-05
2013-04-12 12:00:00,2.30025e-05
2013-04-13 12:00:00,1.9655228e-05
2013-04-14 12:00:00,2.9854957e-05
2013-04-15 12:00:00,2.2661116e-05
2013-04-16 12:00:00,3.7314036e-05
2013-04-17 12:00:00,2.2268567e-05
2013-04-18 12:00:00,2.5285903e-05
2013-04-19 12:00:00,5.302629e-05
2013-04-20 12:00:00,6.889991e-05
2013-04-21 12:00:00,3.474542e-05
2013-04-22 12:00:00,2.808783e-05
2013-04-23 12:00:00,3.0616648e-05
2013-04-24 12:00:00,7.4991796e-05
2013-04-25 12:00:00,7.2568175e-05
2013-04-26 12:00:00,3.4746172e-05
2013-04-27 12:00:00,3.0309202e-05
2013-04-28 12:00:00,2.2294378e-05
2013-04-29 12:00:00,4.3976237e-05
2013-04-30 12:00:00,3.737856e-05
2013-05-01 12:00:00,2.5673333e-05
2013-05-02 12:00:00,1.1144526e-05
2013-05-03 12:00:00,1.53718e-05
2013-05-04 12:00:00,1.849329e-05
2013-05-05 12:00:00,2.0685868e-05
2013-05-06 12:00:00,1.9097308e-05
2013-05-07 12:00:00,2.4988432e-05
2013-05-08 12:00:00,2.9590272e-05
2013-05-09 12:00:00,2.3116445e-05
2013-05-10 12:00:00,1.6346108e-05
2013-05-11 12:00:00,1.9135798e-05
2013-05-12 12:00:00,4.3776075e-05
2013-05-13 12:00:00,9.1062495e-05
2013-05-14 12:00:00,3.5824687e-05
2013-05-15 12:00:00,3.328593e-05
2013-05-16 12:00:00,2.5419009e-05
2013-05-17 12:00:00,2.5267305e-05
2013-05-18 12:00:00,5.7280457e-05
2013-05-19 12:00:00,3.4820972e-05
2013-05-20 12:00:00,3.087509e-05
2013-05-21 12:00:00,2.749989e-05
2013-05-22 12:00:00,2.0816675e-05
2013-05-23 12:00:00,2.209035e-05
2013-05-24 12:00:00,1.8406485e-05
2013-05-25 12:00:00,4.0202518e-05
2013-05-26 12:00:00,2.7300994e-05
2013-05-27 12:00:00,1.6188074e-05
2013-05-28 12:00:00,2.7921167e-05
2013-05-29 12:00:00,4.219942e-05
2013-05-30 12:00:00,2.8267721e-05
2013-06-01 12:00:00,3.2573662e-05
2013-06-02 12:00:00,2.0420834e-05
2013-06-03 12:00:00,2.3520784e-05
2013-06-04 12:00:00,5.3646116e-05
2013-06-05 12:00:00,7.388799e-05
2013-06-06 12:00:00,4.4804325e-05
2013-06-07 12:00:00,6.300777e-05
2013-06-08 12:00:00,6.0804537e-05
2013-06-09 12:00:00,2.7749731e-05
2013-06-10 12:00:00,3.619358e-05
2013-06-11 12:00:00,1.8802486e-05
2013-06-12 12:00:00,3.218626e-05
2013-06-13 12:00:00,6.0528735e-05
2013-06-14 12:00:00,3.0442738e-05
2013-06-15 12:00:00,1.4322373e-05
2013-06-16 12:00:00,1.909661e-05
2013-06-17 12:00:00,2.1106913e-05
2013-06-18 12:00:00,1.964948e-05
2013-06-19 12:00:00,2.0558175e-05
2013-06-20 12:00:00,2.3313536e-05
2013-06-21 12:00:00,4.805393e-05
2013-06-22 12:00:00,2.0350053e-05
2013-06-23 12:00:00,1.7320257e-05
2013-06-24 12:00:00,1.7529208e-05
2013-06-25 12:00:00,2.0451684e-05
2013-06-26 12:00:00,2.2927576e-05
2013-06-27 12:00:00,9.870791e-05
2013-06-28 12:00:00,5.898025e-05
2013-06-29 12:00:00,2.1668122e-05
2013-06-30 12:00:00,1.1893499e-05
2013-07-01 12:00:00,1.1999087e-05
2013-07-02 12:00:00,8.024523e-06
2013-07-03 12:00:00,1.8948238e-05
2013-07-04 12:00:00,1.6226011e-05
2013-07-05 12:00:00,8.084407e-05
2013-07-06 12:00:00,9.920685e-05
2013-07-07 12:00:00,7.3217176e-05
2013-07-08 12:00:00,6.633227e-05
2013-07-09 12:00:00,5.566099e-05
2013-07-10 12:00:00,2.7133472e-05
2013-07-11 12:00:00,2.1965068e-05
2013-07-12 12:00:00,3.784847e-05
2013-07-13 12:00:00,4.9989903e-05
2013-07-14 12:00:00,1.6627731e-05
2013-07-15 12:00:00,2.2779568e-05
2013-07-16 12:00:00,5.0038405e-05
2013-07-17 12:00:00,6.4485575e-05
2013-07-18 12:00:00,5.543673e-05
2013-07-19 12:00:00,3.534656e-05
2013-07-20 12:00:00,1.6375794e-05
2013-07-21 12:00:00,5.4336328e-05
2013-07-22 12:00:00,6.5026616e-05
2013-07-23 12:00:00,3.8342667e-05
2013-07-24 12:00:00,3.264114e-05
2013-07-25 12:00:00,7.492046e-05
2013-07-26 12:00:00,0.00015936901
2013-07-27 12:00:00,7.284512e-05
2013-07-28 12:00:00,5.2662843e-05
2013-07-29 12:00:00,7.274101e-05
2013-07-30 12:00:00,7.5257514e-05
2013-08-01 12:00:00,7.756878e-05
2013-08-02 12:00:00,6.686864e-05
2013-08-03 12:00:00,2.9268063e-05
2013-08-04 12:00:00,4.5936118e-05
2013-08-05 12:00:00,4.3914464e-05
2013-08-06 12:00:00,2.8468989e-05
2013-08-07 12:00:00,2.9016985e-05
2013-08-08 12:00:00,3.3103657e-05
2013-08-09 12:00:00,4.8651753e-05
2013-08-10 12:00:00,4.5047185e-05
2013-08-11 12:00:00,7.9426376e-05
2013-08-12 12:00:00,0.00014688315
2013-08-13 12:00:00,0.00010026521
2013-08-14 12:00:00,6.897202e-05
2013-08-15 12:00:00,4.1204796e-05
2013-08-16 12:00:00,3.271173e-05
2013-08-17 12:00:00,6.7951274e-05
2013-08-18 12:00:00,7.137614e-05
2013-08-19 12:00:00,7.2597744e-05
2013-08-20 12:00:00,0.00016389177
2013-08-21 12:00:00,0.00018139523
2013-08-22 12:00:00,9.569572e-05
2013-08-23 12:00:00,7.1655115e-05
2013-08-24 12:00:00,7.125322e-05
2013-08-25 12:00:00,9.839772e-05
2013-08-26 12:00:00,6.6994675e-05
2013-08-27 12:00:00,4.2375803e-05
2013-08-28 12:00:00,7.898685e-05
2013-08-29 12:00:00,9.498473e-05
2013-08-30 12:00:00,5.978823e-05
2013-09-01 12:00:00,5.7080426e-05
2013-09-02 12:00:00,5.2713323e-05
2013-09-03 12:00:00,6.233495e-05
2013-09-04 12:00:00,6.370366e-05
2013-09-05 12:00:00,3.2412907e-05
2013-09-06 12:00:00,2.8318376e-05
2013-09-07 12:00:00,4.4129352e-05
2013-09-08 12:00:00,3.945545e-05
2013-09-09 12:00:00,5.2739008e-05
2013-09-10 12:00:00,6.897263e-05
2013-09-11 12:00:00,3.8959726e-05
2013-09-12 12:00:00,2.3207991e-05
2013-09-13 12:00:00,1.660797e-05
2013-09-14 12:00:00,2.7240992e-05
2013-09-15 12:00:00,3.502844e-05
2013-09-16 12:00:00,3.3102042e-05
2013-09-17 12:00:00,2.7672882e-05
2013-09-18 12:00:00,2.1920627e-05
2013-09-19 12:00:00,2.391597e-05
2013-09-20 12:00:00,2.6899084e-05
2013-09-21 12:00:00,3.2221316e-05
2013-09-22 12:00:00,3.2731536e-05
2013-09-23 12:00:00,2.557569e-05
2013-09-24 12:00:00,2.4320907e-05
2013-09-25 12:00:00,2.304875e-05
2013-09-26 12:00:00,1.9630636e-05
2013-09-27 12:00:00,2.5584886e-05
2013-09-28 12:00:00,5.110851e-05
2013-09-29 12:00:00,7.438229e-05
2013-09-30 12:00:00,8.0705315e-05
2013-10-01 12:00:00,6.025763e-05
2013-10-02 12:00:00,5.9049376e-05
2013-10-03 12:00:00,8.328541e-05
2013-10-04 12:00:00,0.00021680334
2013-10-05 12:00:00,0.00018744843
2013-10-06 12:00:00,8.364312e-05
2013-10-07 12:00:00,9.2058726e-05
2013-10-08 12:00:00,4.965173e-05
2013-10-09 12:00:00,8.2054175e-05
2013-10-10 12:00:00,5.7151352e-05
2013-10-11 12:00:00,0.00013537366
2013-10-12 12:00:00,0.00012542395
2013-10-13 12:00:00,7.062267e-05
2013-10-14 12:00:00,0.00016044467
2013-10-15 12:00:00,9.140889e-05
2013-10-16 12:00:00,7.9455436e-05
2013-10-17 12:00:00,0.00016937725
2013-10-18 12:00:00,0.00018168754
2013-10-19 12:00:00,0.0001075843
2013-10-20 12:00:00,3.4383716e-05
2013-10-21 12:00:00,9.478754e-05
2013-10-22 12:00:00,0.00011273331
2013-10-23 12:00:00,6.0091974e-05
2013-10-24 12:00:00,3.062902e-05
2013-10-25 12:00:00,3.199262e-05
2013-10-26 12:00:00,4.235361e-05
2013-10-27 12:00:00,3.1268588e-05
2013-10-28 12:00:00,4.4395783e-05
2013-10-29 12:00:00,2.4481331e-05
2013-10-30 12:00:00,2.6357884e-05
2013-11-01 12:00:00,7.093484e-05
2013-11-02 12:00:00,2.5275018e-05
2013-11-03 12:00:00,2.876254e-05
2013-11-04 12:00:00,6.826974e-05
2013-11-05 12:00:00,7.7857534e-05
2013-11-06 12:00:00,2.2590306e-05
2013-11-07 12:00:00,3.0312081e-05
2013-11-08 12:00:00,2.789218e-05
2013-11-09 12:00:00,2.372441e-05
2013-11-10 12:00:00,3.5621513e-05
2013-11-11 12:00:00,9.4575604e-05
2013-11-12 12:00:00,0.0001351117
2013-11-13 12:00:00,7.697864e-05
2013-11-14 12:00:00,3.732067e-05
2013-11-15 12:00:00,0.00014488674
2013-11-16 12:00:00,0.0001547144
2013-11-17 12:00:00,0.00011255601
2013-11-18 12:00:00,8.4031315e-05
2013-11-19 12:00:00,8.909953e-05
2013-11-20 12:00:00,4.062737e-05
2013-11-21 12:00:00,5.3522803e-05
2013-11-22 12:00:00,9.8597666e-05
2013-11-23 12:00:00,5.8180885e-05
2013-11-24 12:00:00,3.829495e-05
2013-11-25 12:00:00,3.2031876e-05
2013-11-26 12:00:00,4.928479e-05
2013-11-27 12:00:00,3.6245518e-05
2013-11-28 12:00:00,2.6352383e-05
2013-11-29 12:00:00,3.649289e-05
2013-11-30 12:00:00,5.0074923e-05
2013-12-01 12:00:00,6.0468097e-05
2013-12-02 12:00:00,2.564628e-05
2013-12-03 12:00:00,9.566473e-06
2013-12-04 12:00:00,8.422096e-06
2013-12-05 12:00:00,2.8596281e-05
2013-12-06 12:00:00,2.055112e-05
2013-12-07 12:00:00,2.4369107e-05
2013-12-08 12:00:00,2.6714493e-05
2013-12-09 12:00:00,3.6309793e-05
2013-12-10 12:00:00,1.8491584e-05
2013-12-11 12:00:00,1.9888932e-05
2013-12-12 12:00:00,2.4304201e-05
2013-12-13 12:00:00,2.2590233e-05
2013-12-14 12:00:00,2.3920671e-05
2013-12-15 12:00:00,7.617763e-05
2013-12-16 12:00:00,0.0001137705
2013-12-17 12:00:00,5.9048223e-05
2013-12-18 12:00:00,7.2009454e-05
2013-12-19 12:00:00,8.536887e-05
2013-12-20 12:00:00,4.8448288e-05
2013-12-21 12:00:00,4.6846406e-05
2013-12-22 12:00:00,7.219124e-05
2013-12-23 12:00:00,3.872605e-05
2013-12-24 12:00:00,6.134652e-05
2013-12-25 12:00:00,5.314844e-05
2013-12-26 12:00:00,6.0706632e-05
2013-12-27 12:00:00,7.1925926e-05
2013-12-28 12:00:00,5.9465427e-05
2013-12-29 12:00:00,3.926421e-05
2013-12-30 12:00:00,2.4117879e-05
2014-01-01 12:00:00,3.4381374e-05
2014-01-02 12:00:00,4.1309613e-05
2014-01-03 12:00:00,4.3456836e-05
2014-01-04 12:00:00,5.139316e-05
2014-01-05 12:00:00,5.5675773e-05
2014-01-06 12:00:00,2.6713387e-05
2014-01-07 12:00:00,2.9029587e-05
2014-01-08 12:00:00,1.4944482e-05
2014-01-09 12:00:00,1.3850717e-05
2014-01-10 12:00:00,3.550388e-05
2014-01-11 12:00:00,4.2083135e-05
2014-01-12 12:00:00,4.9716633e-05
2014-01-13 12:00:00,4.451809e-06
2014-01-14 12:00:00,9.804295e-06
2014-01-15 12:00:00,2.1730593e-05
2014-01-16 12:00:00,3.7233855e-05
2014-01-17 12:00:00,1.3567464e-05
2014-01-18 12:00:00,3.1277712e-05
2014-01-19 12:00:00,6.93965e-05
2014-01-20 12:00:00,6.4136955e-05
2014-01-21 12:00:00,7.9764606e-05
2014-01-22 12:00:00,8.398297e-05
2014-01-23 12:00:00,9.1127404e-05
2014-01-24 12:00:00,9.6172706e-05
2014-01-25 12:00:00,5.2862262e-05
2014-01-26 12:00:00,2.6731344e-05
2014-01-27 12:00:00,2.6526614e-05
2014-01-28 12:00:00,3.8852842e-05
2014-01-29 12:00:00,1.7615122e-05
2014-01-30 12:00:00,2.8156333e-05
2014-02-01 12:00:00,3.6864134e-05
2014-02-02 12:00:00,7.034237e-05
2014-02-03 12:00:00,9.625495e-05
2014-02-04 12:00:00,2.6184633e-05
2014-02-05 12:00:00,1.7584141e-05
2014-02-06 12:00:00,1.3880577e-05
2014-02-07 12:00:00,1.2699005e-05
2014-02-08 12:00:00,2.2790351e-05
2014-02-09 12:00:00,2.5613954e-05
2014-02-10 12:00:00,1.1695272e-05
2014-02-11 12:00:00,1.0082236e-05
2014-02-12 12:00:00,1.297117e-05
2014-02-13 12:00:00,1.4223391e-05
2014-02-14 12:00:00,2.2588956e-05
2014-02-15 12:00:00,3.705263e-05
2014-02-16 12:00:00,3.6575442e-05
2014-02-17 12:00:00,2.5273082e-05
2014-02-18 12:00:00,2.9264775e-05
2014-02-19 12:00:00,2.449972e-05
2014-02-20 12:00:00,1.0221404e-05
2014-02-21 12:00:00,6.25739e-06
2014-02-22 12:00:00,1.4956488e-05
2014-02-23 12:00:00,7.4132968e-06
2014-02-24 12:00:00,1.47470855e-05
2014-02-25 12:00:00,2.7343849e-05
2014-02-26 12:00:00,5.8891987e-05
2014-02-27 12:00:00,2.870032e-05
2014-02-28 12:00:00,3.8836966e-05
2014-02-29 12:00:00,9.679391e-05
2014-02-30 12:00:00,3.795531e-05
2014-03-01 12:00:00,4.5682686e-05
2014-03-02 12:00:00,5.1238254e-05
2014-03-03 12:00:00,0.00010761514
2014-03-04 12:00:00,0.000111792426
2014-03-05 12:00:00,0.00010589768
2014-03-06 12:00:00,8.50653e-05
2014-03-07 12:00:00,0.0001079409
2014-03-08 12:00:00,0.000121699195
2014-03-09 12:00:00,0.00010342599
2014-03-10 12:00:00,0.00010688344
2014-03-11 12:00:00,9.961126e-05
2014-03-12 12:00:00,7.4525466e-05
2014-03-13 12:00:00,4.4456538e-05
2014-03-14 12:00:00,1.9305298e-05
2014-03-15 12:00:00,1.0434989e-05
2014-03-16 12:00:00,9.722673e-06
2014-03-17 12:00:00,1.1862096e-05
2014-03-18 12:00:00,1.7861996e-05
2014-03-19 12:00:00,7.4628188e-06
2014-03-20 12:00:00,3.308966e-05
2014-03-21 12:00:00,2.4468813e-05
2014-03-22 12:00:00,3.0640687e-05
2014-03-23 12:00:00,3.0858573e-05
2014-03-24 12:00:00,2.2463515e-05
2014-03-25 12:00:00,1.6656864e-05
2014-03-26 12:00:00,2.1242318e-05
2014-03-27 12:00:00,3.6030644e-05
2014-03-28 12:00:00,5.8355974e-05
2014-03-29 12:00:00,5.1912266e-05
2014-03-30 12:00:00,3.104365e-05
2014-04-01 12:00:00,2.5612493e-05
2014-04-02 12:00:00,6.85189e-05
2014-04-03 12:00:00,6.778432e-05
2014-04-04 12:00:00,5.4096847e-05
2014-04-05 12:00:00,3.9904404e-05
2014-04-06 12:00:00,2.6778864e-05
2014-04-07 12:00:00,4.0250583e-05
2014-04-08 12:00:00,2.9845447e-05
2014-04-09 12:00:00,2.7065766e-05
2014-04-10 12:00:00,2.8887182e-05
2014-04-11 12:00:00,2.8502895e-05
2014-04-12 12:00:00,5.4795935e-05
2014-04-13 12:00:00,3.31732e-05
2014-04-14 12:00:00,5.1135852e-05
2014-04-15 12:00:00,3.4198012e-05
2014-04-16 12:00:00,2.6893336e-05
2014-04-17 12:00:00,9.990731e-06
2014-04-18 12:00:00,1.0199268e-05
2014-04-19 12:00:00,1.5825004e-05
2014-04-20 12:00:00,1.693757e-05
2014-04-21 12:00:00,8.72722e-06
2014-04-22 12:00:00,6.1979517e-06
2014-04-23 12:00:00,9.149895e-06
2014-04-24 12:00:00,1.0694028e-05
2014-04-25 12:00:00,3.62859e-05
2014-04-26 12:00:00,3.956764e-05
2014-04-27 12:00:00,6.489482e-05
2014-04-28 12:00:00,6.550145e-05
2014-04-29 12:00:00,3.0684838e-05
2014-04-30 12:00:00,3.871371e-05
2014-05-01 12:00:00,3.04819e-05
2014-05-02 12:00:00,3.610771e-05
2014-05-03 12:00:00,4.019028e-05
2014-05-04 12:00:00,2.9226183e-05
2014-05-05 12:00:00,2.7970353e-05
2014-05-06 12:00:00,1.6793776e-05
2014-05-07 12:00:00,1.380434e-05
2014-05-08 12:00:00,1.5805097e-05
2014-05-09 12:00:00,5.1978037e-05
2014-05-10 12:00:00,3.3914337e-05
2014-05-11 12:00:00,2.8207927e-05
2014-05-12 12:00:00,3.9658087e-05
2014-05-13 12:00:00,3.1443225e-05
2014-05-14 12:00:00,1.8098957e-05
2014-05-15 12:00:00,2.1226711e-05
2014-05-16 12:00:00,1.6313934e-05
2014-05-17 12:00:00,1.6044636e-05
2014-05-18 12:00:00,1.1261916e-05
2014-05-19 12:00:00,1.3215002e-05
2014-05-20 12:00:00,1.6139587e-05
2014-05-21 12:00:00,4.586375e-05
2014-05-22 12:00:00,2.450592e-05
2014-05-23 12:00:00,1.5899117e-05
2014-05-24 12:00:00,2.509993e-05
2014-05-25 12:00:00,2.6787602e-05
2014-05-26 12:00:00,3.095332e-05
2014-05-27 12:00:00,2.8928007e-05
2014-05-28 12:00:00,1.4444821e-05
2014-05-29 12:00:00,1.5502708e-05
2014-05-30 12:00:00,3.6449754e-05
2014-06-01 12:00:00,5.5291574e-05
2014-06-02 12:00:00,4.2244515e-05
2014-06-03 12:00:00,2.3943605e-05
2014-06-04 12:00:00,1.560546e-05
2014-06-05 12:00:00,3.9702645e-05
2014-06-06 12:00:00,8.59291e-05
2014-06-07 12:00:00,4.8060057e-05
2014-06-08 12:00:00,9.891068e-05
2014-06-09 12:00:00,7.319305e-05
2014-06-10 12:00:00,2.6379566e-05
2014-06-11 12:00:00,1.6568025e-05
2014-06-12 12:00:00,1.8376872e-05
2014-06-13 12:00:00,1.5620826e-05
2014-06-14 12:00:00,1.6435486e-05
2014-06-15 12:00:00,1.3644385e-05
2014-06-16 12:00:00,1.47188985e-05
2014-06-17 12:00:00,1.3345547e-05
2014-06-18 12:00:00,1.3016339e-05
2014-06-19 12:00:00,2.7476228e-05
2014-06-20 12:00:00,2.4715555e-05
2014-06-21 12:00:00,3.3736913e-05
2014-06-22 12:00:00,4.0730025e-05
2014-06-23 12:00:00,3.175561e-05
2014-06-24 12:00:00,2.6683745e-05
2014-06-25 12:00:00,2.5365007e-05
2014-06-26 12:00:00,2.9912757e-05
2014-06-27 12:00:00,2.5792615e-05
2014-06-28 12:00:00,3.1368996e-05
2014-06-29 12:00:00,2.7728907e-05
2014-06-30 12:00:00,1.9862768e-05
2014-07-01 12:00:00,1.9454994e-05
2014-07-02 12:00:00,2.203208e-05
2014-07-03 12:00:00,1.8973951e-05
2014-07-04 12:00:00,2.36489e-05
2014-07-05 12:00:00,3.007552e-05
2014-07-06 12:00:00,3.3141812e-05
2014-07-07 12:00:00,6.955293e-05
2014-07-08 12:00:00,6.459847e-05
2014-07-09 12:00:00,4.047685e-05
2014-07-10 12:00:00,5.8097125e-05
2014-07-11 12:00:00,4.8955568e-05
2014-07-12 12:00:00,7.380334e-05
2014-07-13 12:00:00,4.902856e-05
2014-07-14 12:00:00,3.7927413e-05
2014-07-15 12:00:00,3.1008196e-05
2014-07-16 12:00:00,4.1817926e-05
2014-07-17 12:00:00,0.00012332729
2014-07-18 12:00:00,0.00012225565
2014-07-19 12:00:00,9.801905e-05
2014-07-20 12:00:00,4.965988e-05
2014-07-21 12:00:00,3.2810247e-05
2014-07-22 12:00:00,4.7117835e-05
2014-07-23 12:00:00,4.767257e-05
2014-07-24 12:00:00,6.55491e-05
2014-07-25 12:00:00,3.208706e-05
2014-07-26 12:00:00,3.6838523e-05
2014-07-27 12:00:00,7.390737e-05
2014-07-28 12:00:00,7.702719e-05
2014-07-29 12:00:00,0.00012736898
2014-07-30 12:00:00,0.0001137755
2014-08-01 12:00:00,8.821688e-05
2014-08-02 12:00:00,5.0390096e-05
2014-08-03 12:00:00,0.00014164424
2014-08-04 12:00:00,0.0001491102
2014-08-05 12:00:00,0.00013119621
2014-08-06 12:00:00,9.383727e-05
2014-08-07 12:00:00,8.249289e-05
2014-08-08 12:00:00,7.059419e-05
2014-08-09 12:00:00,5.776259e-05
2014-08-10 12:00:00,5.1772222e-05
2014-08-11 12:00:00,9.702984e-05
2014-08-12 12:00:00,4.6879635e-05
2014-08-13 12:00:00,6.689635e-05
2014-08-14 12:00:00,5.0457296e-05
2014-08-15 12:00:00,3.8946004e-05
2014-08-16 12:00:00,3.970199e-05
2014-08-17 12:00:00,0.00010308142
2014-08-18 12:00:00,7.229987e-05
2014-08-19 12:00:00,4.3036096e-05
2014-08-20 12:00:00,5.560508e-05
2014-08-21 12:00:00,5.7211495e-05
2014-08-22 12:00:00,7.68421e-05
2014-08-23 12:00:00,6.493028e-05
2014-08-24 12:00:00,8.7627544e-05
2014-08-25 12:00:00,0.00010242313
2014-08-26 12:00:00,6.072792e-05
2014-08-27 12:00:00,9.522094e-05
2014-08-28 12:00:00,7.410448e-05
2014-08-29 12:00:00,0.00013254417
2014-08-30 12:00:00,0.0001315248
2014-09-01 12:00:00,0.00010555549
2014-09-02 12:00:00,9.8062126e-05
2014-09-03 12:00:00,5.7006197e-05
2014-09-04 12:00:00,6.285524e-05
2014-09-05 12:00:00,0.0001463511
2014-09-06 12:00:00,0.0001115301
2014-09-07 12:00:00,0.00016639811
2014-09-08 12:00:00,0.00019614502
2014-09-09 12:00:00,0.00011270185
2014-09-10 12:00:00,3.8824364e-05
2014-09-11 12:00:00,2.8358743e-05
2014-09-12 12:00:00,2.881285e-05
2014-09-13 12:00:00,2.8630297e-05
2014-09-14 12:00:00,8.497457e-05
2014-09-15 12:00:00,0.00014326915
2014-09-16 12:00:00,9.1794354e-05
2014-09-17 12:00:00,5.061114e-05
2014-09-18 12:00:00,3.4692028e-05
2014-09-19 12:00:00,2.6322945e-05
2014-09-20 12:00:00,2.5019835e-05
2014-09-21 12:00:00,2.5000205e-05
2014-09-22 12:00:00,3.396139e-05
2014-09-23 12:00:00,4.0301253e-05
2014-09-24 12:00:00,3.7832346e-05
2014-09-25 12:00:00,0.00010220385
2014-09-26 12:00:00,0.00017090952
2014-09-27 12:00:00,6.477683e-05
2014-09-28 12:00:00,3.8410406e-05
2014-09-29 12:00:00,3.2451324e-05
2014-09-30 12:00:00,4.128815e-05
2014-10-01 12:00:00,9.612959e-05
2014-10-02 12:00:00,5.5753913e-05
2014-10-03 12:00:00,4.5634923e-05
2014-10-04 12:00:00,3.7355174e-05
2014-10-05 12:00:00,0.00010799257
2014-10-06 12:00:00,7.873126e-05
2014-10-07 12:00:00,4.2027983e-05
2014-10-08 12:00:00,2.2485938e-05
2014-10-09 12:00:00,3.65108e-05
2014-10-10 12:00:00,4.5554756e-05
2014-10-11 12:00:00,7.798649e-05
2014-10-12 12:00:00,4.284011e-05
2014-10-13 12:00:00,4.4657176e-05
2014-10-14 12:00:00,8.103346e-05
2014-10-15 12:00:00,9.9174285e-05
2014-10-16 12:00:00,0.00012470347
2014-10-17 12:00:00,0.00014411319
2014-10-18 12:00:00,0.00011766399
2014-10-19 12:00:00,7.384275e-05
2014-10-20 12:00:00,4.584319e-05
2014-10-21 12:00:00,2.5825517e-05
2014-10-22 12:00:00,2.2580294e-05
2014-10-23 12:00:00,2.490617e-05
2014-10-24 12:00:00,2.0686151e-05
2014-10-25 12:00:00,2.289933e-05
2014-10-26 12:00:00,2.7673814e-05
2014-10-27 12:00:00,4.263458e-05
2014-10-28 12:00:00,4.3317195e-05
2014-10-29 12:00:00,2.3657893e-05
2014-10-30 12:00:00,1.9916144e-05
2014-11-01 12:00:00,3.4434837e-05
2014-11-02 12:00:00,3.2338037e-05
2014-11-03 12:00:00,6.083057e-05
2014-11-04 12:00:00,0.00013949732
2014-11-05 12:00:00,0.0001471742
2014-11-06 12:00:00,7.5065574e-05
2014-11-07 12:00:00,4.1414503e-05
2014-11-08 12:00:00,3.3262084e-05
2014-11-09 12:00:00,8.6041764e-05
2014-11-10 12:00:00,9.98801e-05
2014-11-11 12:00:00,5.3595235e-05
2014-11-12 12:00:00,6.849752e-05
2014-11-13 12:00:00,8.591224e-05
2014-11-14 12:00:00,5.1582596e-05
2014-11-15 12:00:00,2.3462082e-05
2014-11-16 12:00:00,1.5907077e-05
2014-11-17 12:00:00,2.5483765e-05
2014-11-18 12:00:00,3.915548e-05
2014-11-19 12:00:00,3.414259e-05
2014-11-20 12:00:00,1.9218423e-05
2014-11-21 12:00:00,1.81465e-05
2014-11-22 12:00:00,0.00011019319
2014-11-23 12:00:00,2.7325132e-05
2014-11-24 12:00:00,3.1167834e-05
2014-11-25 12:00:00,4.752728e-05
2014-11-26 12:00:00,8.948274e-05
2014-11-27 12:00:00,5.3224052e-05
2014-11-28 12:00:00,5.1205367e-05
2014-11-29 12:00:00,3.596864e-05
2014-11-30 12:00:00,4.0925173e-05
2014-12-01 12:00:00,1.382317e-05
2014-12-02 12:00:00,7.7631536e-05
2014-12-03 12:00:00,6.218348e-05
2014-12-04 12:00:00,0.000117372474
2014-12-05 12:00:00,9.685522e-05
2014-12-06 12:00:00,4.4952933e-05
2014-12-07 12:00:00,1.5859507e-05
2014-12-08 12:00:00,3.2435943e-05
2014-12-09 12:00:00,3.074648e-05
2014-12-10 12:00:00,2.5033252e-05
2014-12-11 12:00:00,1.7397277e-05
2014-12-12 12:00:00,2.94003e-05
2014-12-13 12:00:00,3.4241486e-05
2014-12-14 12:00:00,2.3607703e-05
2014-12-15 12:00:00,3.4489916e-05
2014-12-16 12:00:00,1.2598757e-05
2014-12-17 12:00:00,5.0573e-06
2014-12-18 12:00:00,8.243924e-06
2014-12-19 12:00:00,1.3533212e-05
2014-12-20 12:00:00,8.58915e-06
2014-12-21 12:00:00,9.99605e-06
2014-12-22 12:00:00,1.2398615e-05
2014-12-23 12:00:00,9.823688e-06
2014-12-24 12:00:00,3.463123e-05
2014-12-25 12:00:00,5.182695e-05
2014-12-26 12:00:00,4.1636536e-05
2014-12-27 12:00:00,3.276815e-05
2014-12-28 12:00:00,2.2590117e-05
2014-12-29 12:00:00,3.7274513e-05
2014-12-30 12:00:00,3.4390658e-05
2015-01-01 12:00:00,4.0294843e-05
2015-01-02 12:00:00,1.1374126e-05
2015-01-03 12:00:00,2.36302e-05
2015-01-04 12:00:00,6.752566e-05
2015-01-05 12:00:00,3.6537458e-05
2015-01-06 12:00:00,4.6317444e-05
2015-01-07 12:00:00,4.370691e-05
2015-01-08 12:00:00,5.1178882e-05
2015-01-09 12:00:00,7.936891e-05
2015-01-10 12:00:00,4.447301e-05
2015-01-11 12:00:00,6.026574e-05
2015-01-12 12:00:00,3.936883e-05
2015-01-13 12:00:00,1.5622674e-05
2015-01-14 12:00:00,1.7494036e-05
2015-01-15 12:00:00,1.17233285e-05
2015-01-16 12:00:00,3.8910934e-05
2015-01-17 12:00:00,0.00011546505
2015-01-18 12:00:00,0.00012704809
2015-01-19 12:00:00,0.00011304754
2015-01-20 12:00:00,3.4047043e-05
2015-01-21 12:00:00,1.5974016e-05
2015-01-22 12:00:00,3.320424e-05
2015-01-23 12:00:00,2.1989632e-05
2015-01-24 12:00:00,2.638418e-05
2015-01-25 12:00:00,1.0263539e-05
2015-01-26 12:00:00,1.59653e-05
2015-01-27 12:00:00,3.5310906e-05
2015-01-28 12:00:00,1.5346508e-05
2015-01-29 12:00:00,5.965485e-06
2015-01-30 12:00:00,1.1603101e-05
2015-02-01 12:00:00,2.2325941e-05
2015-02-02 12:00:00,2.322688e-05
2015-02-03 12:00:00,3.9410632e-05
2015-02-04 12:00:00,4.8352886e-05
2015-02-05 12:00:00,2.1125103e-05
2015-02-06 12:00:00,9.424839e-06
2015-02-07 12:00:00,5.1824274e-05
2015-02-08 12:00:00,4.1569292e-05
2015-02-09 12:00:00,9.365968e-05
2015-02-10 12:00:00,0.00011748251
2015-02-11 12:00:00,8.2670056e-05
2015-02-12 12:00:00,8.951164e-05
2015-02-13 12:00:00,9.163606e-05
2015-02-14 12:00:00,2.6105452e-05
2015-02-15 12:00:00,8.176019e-05
2015-02-16 12:00:00,3.2147247e-05
2015-02-17 12:00:00,2.3044431e-05
2015-02-18 12:00:00,4.0703442e-05
2015-02-19 12:00:00,4.5248045e-05
2015-02-20 12:00:00,4.849959e-05
2015-02-21 12:00:00,4.4706438e-05
2015-02-22 12:00:00,4.2246393e-05
2015-02-23 12:00:00,6.8533496e-05
2015-02-24 12:00:00,5.712539e-05
2015-02-25 12:00:00,3.4627148e-05
2015-02-26 12:00:00,2.6908454e-05
2015-02-27 12:00:00,3.3437405e-05
2015-02-28 12:00:00,3.583182e-05
2015-02-29 12:00:00,1.7010054e-05
2015-02-30 12:00:00,1.0991425e-05
2015-03-01 12:00:00,3.789959e-06
2015-03-02 12:00:00,9.03364e-06
2015-03-03 12:00:00,2.4202367e-05
2015-03-04 12:00:00,3.4957586e-05
2015-03-05 12:00:00,1.5378813e-05
2015-03-06 12:00:00,1.4336532e-05
2015-03-07 12:00:00,2.212773e-05
2015-03-08 12:00:00,1.8442282e-05
2015-03-09 12:00:00,1.4388148e-05
2015-03-10 12:00:00,2.2393477e-05
2015-03-11 12:00:00,2.0092833e-05
2015-03-12 12:00:00,3.15683e-05
2015-03-13 12:00:00,1.6909566e-05
2015-03-14 12:00:00,1.8366365e-05
2015-03-15 12:00:00,2.2320928e-05
2015-03-16 12:00:00,1.9737156e-05
2015-03-17 12:00:00,1.229064e-05
2015-03-18 12:00:00,7.770304e-06
2015-03-19 12:00:00,8.500502e-06
2015-03-20 12:00:00,6.6877546e-06
2015-03-21 12:00:00,6.9896923e-06
2015-03-22 12:00:00,9.8193705e-06
2015-03-23 12:00:00,6.0389197e-05
2015-03-24 12:00:00,6.715788e-05
2015-03-25 12:00:00,3.5452405e-05
2015-03-26 12:00:00,1.8837804e-05
2015-03-27 12:00:00,1.1748867e-05
2015-03-28 12:00:00,2.6282592e-05
2015-03-29 12:00:00,3.4203666e-05
2015-03-30 12:00:00,2.0603125e-05
2015-04-01 12:00:00,2.5021436e-05
2015-04-02 12:00:00,7.804966e-05
2015-04-03 12:00:00,5.6749093e-05
2015-04-04 12:00:00,2.3229659e-05
2015-04-05 12:00:00,1.41361525e-05
2015-04-06 12:00:00,1.2387318e-05
2015-04-07 12:00:00,7.2018884e-06
2015-04-08 12:00:00,8.854826e-06
2015-04-09 12:00:00,1.3327066e-05
2015-04-10 12:00:00,8.652642e-06
2015-04-11 12:00:00,2.8344824e-05
2015-04-12 12:00:00,1.6074031e-05
2015-04-13 12:00:00,2.815661e-05
2015-04-14 12:00:00,2.057201e-05
2015-04-15 12:00:00,1.6734033e-05
2015-04-16 12:00:00,2.0247448e-05
2015-04-17 12:00:00,1.0015821e-05
2015-04-18 12:00:00,1.04130595e-05
2015-04-19 12:00:00,1.5375284e-05
2015-04-20 12:00:00,4.280887e-05
2015-04-21 12:00:00,9.0640126e-05
2015-04-22 12:00:00,4.3194726e-05
2015-04-23 12:00:00,5.1121504e-05
2015-04-24 12:00:00,7.1853035e-05
2015-04-25 12:00:00,4.262253e-05
2015-04-26 12:00:00,3.2997123e-05
2015-04-27 12:00:00,3.5684643e-05
2015-04-28 12:00:00,3.4887693e-05
2015-04-29 12:00:00,9.170413e-06
2015-04-30 12:00:00,8.492321e-06
2015-05-01 12:00:00,1.0188785e-05
2015-05-02 12:00:00,9.864962e-06
2015-05-03 12:00:00,2.3435743e-05
2015-05-04 12:00:00,3.4663448e-05
2015-05-05 12:00:00,4.3379718e-05
2015-05-06 12:00:00,6.08061e-05
2015-05-07 12:00:00,3.615029e-05
2015-05-08 12:00:00,2.2899549e-05
2015-05-09 12:00:00,5.2282776e-05
2015-05-10 12:00:00,1.7535072e-05
2015-05-11 12:00:00,6.2905456e-06
2015-05-12 12:00:00,8.468036e-06
2015-05-13 12:00:00,8.162722e-06
2015-05-14 12:00:00,9.182826e-06
2015-05-15 12:00:00,1.280554e-05
2015-05-16 12:00:00,7.3797128e-06
2015-05-17 12:00:00,7.656476e-06
2015-05-18 12:00:00,8.859002e-06
2015-05-19 12:00:00,1.6501333e-05
2015-05-20 12:00:00,7.889008e-05
2015-05-21 12:00:00,4.1853695e-05
2015-05-22 12:00:00,1.4202713e-05
2015-05-23 12:00:00,2.1712727e-05
2015-05-24 12:00:00,2.16263e-05
2015-05-25 12:00:00,1.5629368e-05
2015-05-26 12:00:00,4.2594984e-05
2015-05-27 12:00:00,2.9709408e-05
2015-05-28 12:00:00,4.518588e-05
2015-05-29 12:00:00,8.6219006e-05
2015-05-30 12:00:00,6.205961e-05
2015-06-01 12:00:00,2.5822053e-05
2015-06-02 12:00:00,5.5030527e-05
2015-06-03 12:00:00,8.9988185e-05
2015-06-04 12:00:00,4.1321036e-05
2015-06-05 12:00:00,2.1688145e-05
2015-06-06 12:00:00,7.284706e-05
2015-06-07 12:00:00,6.462446e-05
2015-06-08 12:00:00,5.672373e-05
2015-06-09 12:00:00,6.3052925e-05
2015-06-10 12:00:00,5.048202e-05
2015-06-11 12:00:00,4.783817e-05
2015-06-12 12:00:00,5.3144002e-05
2015-06-13 12:00:00,5.1930518e-05
2015-06-14 12:00:00,4.7534297e-05
2015-06-15 12:00:00,3.1339456e-05
2015-06-16 12:00:00,5.9800135e-05
2015-06-17 12:00:00,5.788241e-05
2015-06-18 12:00:00,2.9597097e-05
2015-06-19 12:00:00,2.4025969e-05
2015-06-20 12:00:00,3.796408e-05
2015-06-21 12:00:00,3.8425e-05
2015-06-22 12:00:00,2.446388e-05
2015-06-23 12:00:00,2.0299238e-05
2015-06-24 12:00:00,2.0197884e-05
2015-06-25 12:00:00,5.3040087e-05
2015-06-26 12:00:00,0.0001290193
2015-06-27 12:00:00,9.4854695e-05
2015-06-28 12:00:00,4.4045068e-05
2015-06-29 12:00:00,2.5437519e-05
2015-06-30 12:00:00,4.346372e-05
2015-07-01 12:00:00,3.0393945e-05
2015-07-02 12:00:00,3.3593315e-05
2015-07-03 12:00:00,3.5888144e-05
2015-07-04 12:00:00,2.6835929e-05
2015-07-05 12:00:00,8.6865926e-05
2015-07-06 12:00:00,6.7975096e-05
2015-07-07 12:00:00,4.0316227e-05
2015-07-08 12:00:00,3.458542e-05
2015-07-09 12:00:00,2.5217887e-05
2015-07-10 12:00:00,6.6950146e-05
2015-07-11 12:00:00,9.704904e-05
2015-07-12 12:00:00,0.00015675064
2015-07-13 12:00:00,6.90827e-05
2015-07-14 12:00:00,9.195259e-05
2015-07-15 12:00:00,0.00014724194
2015-07-16 12:00:00,7.583255e-05
2015-07-17 12:00:00,3.0139068e-05
2015-07-18 12:00:00,3.2561482e-05
2015-07-19 12:00:00,3.924285e-05
2015-07-20 12:00:00,2.9409814e-05
2015-07-21 12:00:00,2.4003792e-05
2015-07-22 12:00:00,2.5268178e-05
2015-07-23 12:00:00,2.4438064e-05
2015-07-24 12:00:00,2.3282293e-05
2015-07-25 12:00:00,2.7774338e-05
2015-07-26 12:00:00,2.9712333e-05
2015-07-27 12:00:00,5.6650693e-05
2015-07-28 12:00:00,4.4578817e-05
2015-07-29 12:00:00,4.065613e-05
2015-07-30 12:00:00,2.764033e-05
2015-08-01 12:00:00,3.795432e-05
2015-08-02 12:00:00,3.992564e-05
2015-08-03 12:00:00,3.897828e-05
2015-08-04 12:00:00,3.436845e-05
2015-08-05 12:00:00,2.6275913e-05
2015-08-06 12:00:00,2.9002273e-05
2015-08-07 12:00:00,4.1096107e-05
2015-08-08 12:00:00,6.9643196e-05
2015-08-09 12:00:00,4.7962618e-05
2015-08-10 12:00:00,4.740384e-05
2015-08-11 12:00:00,4.3986554e-05
2015-08-12 12:00:00,5.2213116e-05
2015-08-13 12:00:00,6.398359e-05
2015-08-14 12:00:00,5.2527277e-05
2015-08-15 12:00:00,4.8047455e-05
2015-08-16 12:00:00,5.6473946e-05
2015-08-17 12:00:00,5.463524e-05
2015-08-18 12:00:00,3.683254e-05
2015-08-19 12:00:00,3.7506034e-05
2015-08-20 12:00:00,3.4284953e-05
2015-08-21 12:00:00,3.1818636e-05
2015-08-22 12:00:00,2.8969938e-05
2015-08-23 12:00:00,2.8846523e-05
2015-08-24 12:00:00,3.0028357e-05
2015-08-25 12:00:00,4.9339724e-05
2015-08-26 12:00:00,3.7558595e-05
2015-08-27 12:00:00,3.7637088e-05
2015-08-28 12:00:00,7.727777e-05
2015-08-29 12:00:00,9.754344e-05
2015-08-30 12:00:00,0.00012434387
2015-09-01 12:00:00,8.958399e-05
2015-09-02 12:00:00,8.6891654e-05
2015-09-03 12:00:00,6.675171e-05
2015-09-04 12:00:00,6.4746244e-05
2015-09-05 12:00:00,9.153584e-05
2015-09-06 12:00:00,9.231875e-05
2015-09-07 12:00:00,0.00012450233
2015-09-08 12:00:00,6.695352e-05
2015-09-09 12:00:00,4.0717525e-05
2015-09-10 12:00:00,3.9846054e-05
2015-09-11 12:00:00,6.15528e-05
2015-09-12 12:00:00,6.849483e-05
2015-09-13 12:00:00,4.26998e-05
2015-09-14 12:00:00,4.6561487e-05
2015-09-15 12:00:00,4.6000772e-05
2015-09-16 12:00:00,6.3199754e-05
2015-09-17 12:00:00,6.3523694e-05
2015-09-18 12:00:00,5.8036923e-05
2015-09-19 12:00:00,5.027237e-05
2015-09-20 12:00:00,3.7940175e-05
2015-09-21 12:00:00,5.5133205e-05
2015-09-22 12:00:00,7.7905745e-05
2015-09-23 12:00:00,2.4888694e-05
2015-09-24 12:00:00,4.678499e-05
2015-09-25 12:00:00,6.4780674e-05
2015-09-26 12:00:00,3.9167702e-05
2015-09-27 12:00:00,8.8486864e-05
2015-09-28 12:00:00,0.00011936744
2015-09-29 12:00:00,0.00013223678
2015-09-30 12:00:00,5.4305347e-05
2015-10-01 12:00:00,4.0066036e-05
2015-10-02 12:00:00,0.00011062804
2015-10-03 12:00:00,0.00015760778
2015-10-04 12:00:00,0.00011148787
2015-10-05 12:00:00,2.996827e-05
2015-10-06 12:00:00,3.3936187e-05
2015-10-07 12:00:00,0.00011780276
2015-10-08 12:00:00,5.3828582e-05
2015-10-09 12:00:00,9.578082e-05
2015-10-10 12:00:00,0.00012538565
2015-10-11 12:00:00,7.76105e-05
2015-10-12 12:00:00,3.791669e-05
2015-10-13 12:00:00,4.1784588e-05
2015-10-14 12:00:00,6.8542824e-05
2015-10-15 12:00:00,3.3012766e-05
2015-10-16 12:00:00,7.479313e-05
2015-10-17 12:00:00,3.1093983e-05
2015-10-18 12:00:00,8.9714544e-05
2015-10-19 12:00:00,6.268521e-05
2015-10-20 12:00:00,2.8639231e-05
2015-10-21 12:00:00,3.0564697e-05
2015-10-22 12:00:00,2.7284434e-05
2015-10-23 12:00:00,3.2928525e-05
2015-10-24 12:00:00,3.2496406e-05
2015-10-25 12:00:00,9.195862e-05
2015-10-26 12:00:00,5.8665755e-05
2015-10-27 12:00:00,2.0799922e-05
2015-10-28 12:00:00,2.8608767e-05
2015-10-29 12:00:00,3.9114937e-05
2015-10-30 12:00:00,4.5388195e-05
2015-11-01 12:00:00,0.00012069536
2015-11-02 12:00:00,9.620213e-05
2015-11-03 12:00:00,5.5662225e-05
2015-11-04 12:00:00,2.1247426e-05
2015-11-05 12:00:00,1.333392e-05
2015-11-06 12:00:00,2.5556277e-05
2015-11-07 12:00:00,2.7619448e-05
2015-11-08 12:00:00,3.9512364e-05
2015-11-09 12:00:00,5.9048005e-05
2015-11-10 12:00:00,6.619631e-05
2015-11-11 12:00:00,4.8089612e-05
2015-11-12 12:00:00,5.3862277e-05
2015-11-13 12:00:00,3.4003053e-05
2015-11-14 12:00:00,4.278688e-05
2015-11-15 12:00:00,7.112477e-05
2015-11-16 12:00:00,3.8366576e-05
2015-11-17 12:00:00,3.9143124e-05
2015-11-18 12:00:00,4.7150374e-05
2015-11-19 12:00:00,4.2079322e-05
2015-11-20 12:00:00,2.4027162e-05
2015-11-21 12:00:00,3.301508e-05
2015-11-22 12:00:00,7.851343e-05
2015-11-23 12:00:00,3.7291946e-05
2015-11-24 12:00:00,4.6921137e-05
2015-11-25 12:00:00,3.382459e-05
2015-11-26 12:00:00,4.1263487e-05
2015-11-27 12:00:00,4.6018533e-05
2015-11-28 12:00:00,6.343987e-05
2015-11-29 12:00:00,3.877555e-05
2015-11-30 12:00:00,2.1302583e-05
2015-12-01 12:00:00,1.92718e-05
2015-12-02 12:00:00,1.6373786e-05
2015-12-03 12:00:00,2.4983223e-05
2015-12-04 12:00:00,3.2159514e-05
2015-12-05 12:00:00,1.9068293e-05
2015-12-06 12:00:00,1.34615e-05
2015-12-07 12:00:00,2.4906616e-05
2015-12-08 12:00:00,5.1949595e-05
2015-12-09 12:00:00,5.414802e-05
2015-12-10 12:00:00,2.6877055e-05
2015-12-11 12:00:00,2.0174222e-05
2015-12-12 12:00:00,1.0640695e-05
2015-12-13 12:00:00,8.410483e-06
2015-12-14 12:00:00,8.741267e-06
2015-12-15 12:00:00,8.3575156e-05
2015-12-16 12:00:00,0.00010227277
2015-12-17 12:00:00,0.00011175421
2015-12-18 12:00:00,0.00010744566
2015-12-19 12:00:00,8.679008e-05
2015-12-20 12:00:00,4.938271e-05
2015-12-21 12:00:00,2.3881948e-05
2015-12-22 12:00:00,2.2343607e-05
2015-12-23 12:00:00,1.8139035e-05
2015-12-24 12:00:00,2.0099455e-05
2015-12-25 12:00:00,3.3710414e-05
2015-12-26 12:00:00,2.5943984e-05
2015-12-27 12:00:00,1.8801424e-05
2015-12-28 12:00:00,1.5996819e-05
2015-12-29 12:00:00,2.9995033e-05
2015-12-30 12:00:00,3.8170434e-05
