time,tas
2026-01-01 12:00:00,283.39374
2026-01-02 12:00:00,287.03363
2026-01-03 12:00:00,285.62897
2026-01-04 12:00:00,287.10272
2026-01-05 12:00:00,283.1233
2026-01-06 12:00:00,280.996
2026-01-07 12:00:00,284.45383
2026-01-08 12:00:00,285.04953
2026-01-09 12:00:00,284.90417
2026-01-10 12:00:00,286.02972
2026-01-11 12:00:00,283.55096
2026-01-12 12:00:00,286.89368
2026-01-13 12:00:00,281.50348
2026-01-14 12:00:00,280.59412
2026-01-15 12:00:00,280.62924
2026-01-16 12:00:00,282.9274
2026-01-17 12:00:00,282.89856
2026-01-18 12:00:00,284.81183
2026-01-19 12:00:00,287.7209
2026-01-20 12:00:00,286.43353
2026-01-21 12:00:00,283.96655
2026-01-22 12:00:00,282.5016
2026-01-23 12:00:00,283.52344
2026-01-24 12:00:00,283.55273
2026-01-25 12:00:00,284.47784
2026-01-26 12:00:00,286.62482
2026-01-27 12:00:00,282.11896
2026-01-28 12:00:00,280.48553
2026-01-29 12:00:00,279.60657
2026-01-30 12:00:00,282.69077
2026-02-01 12:00:00,284.33536
2026-02-02 12:00:00,286.78436
2026-02-03 12:00:00,283.9451
2026-02-04 12:00:00,283.35626
2026-02-05 12:00:00,281.0352
2026-02-06 12:00:00,285.20074
2026-02-07 12:00:00,283.17096
2026-02-08 12:00:00,281.69516
2026-02-09 12:00:00,282.31183
2026-02-10 12:00:00,283.97357
2026-02-11 12:00:00,283.78088
2026-02-12 12:00:00,281.9451
2026-02-13 12:00:00,282.04926
2026-02-14 12:00:00,283.044
2026-02-15 12:00:00,283.43738
2026-02-16 12:00:00,284.03442
2026-02-17 12:00:00,285.62088
2026-02-18 12:00:00,285.9427
2026-02-19 12:00:00,286.47314
2026-02-20 12:00:00,282.69653
2026-02-21 12:00:00,285.10974
2026-02-22 12:00:00,289.2217
2026-02-23 12:00:00,288.36072
2026-02-24 12:00:00,286.6941
2026-02-25 12:00:00,284.3788
2026-02-26 12:00:00,285.35364
2026-02-27 12:00:00,283.12585
2026-02-28 12:00:00,283.3777
2026-02-29 12:00:00,287.6356
2026-02-30 12:00:00,283.72955
2026-03-01 12:00:00,283.50122
2026-03-02 12:00:00,283.53525
2026-03-03 12:00:00,283.42056
2026-03-04 12:00:00,284.28174
2026-03-05 12:00:00,284.67358
2026-03-06 12:00:00,283.67255
2026-03-07 12:00:00,282.8439
2026-03-08 12:00:00,283.5986
2026-03-09 12:00:00,286.40012
2026-03-10 12:00:00,284.15405
2026-03-11 12:00:00,286.27783
2026-03-12 12:00:00,284.81384
2026-03-13 12:00:00,282.1945
2026-03-14 12:00:00,282.4328
2026-03-15 12:00:00,283.19504
2026-03-16 12:00:00,284.4872
2026-03-17 12:00:00,287.91138
2026-03-18 12:00:00,285.95206
2026-03-19 12:00:00,284.04523
2026-03-20 12:00:00,284.22675
2026-03-21 12:00:00,285.38745
2026-03-22 12:00:00,286.9311
2026-03-23 12:00:00,284.58087
2026-03-24 12:00:00,285.12073
2026-03-25 12:00:00,288.30853
2026-03-26 12:00:00,288.43488
2026-03-27 12:00:00,286.86026
2026-03-28 12:00:00,283.83435
2026-03-29 12:00:00,282.6631
2026-03-30 12:00:00,282.61542
2026-04-01 12:00:00,286.0535
2026-04-02 12:00:00,285.1455
2026-04-03 12:00:00,284.00885
2026-04-04 12:00:00,285.99237
2026-04-05 12:00:00,286.39716
2026-04-06 12:00:00,284.60126
2026-04-07 12:00:00,285.5274
2026-04-08 12:00:00,285.77747
2026-04-09 12:00:00,284.813
2026-04-10 12:00:00,284.69775
2026-04-11 12:00:00,284.51562
2026-04-12 12:00:00,284.83185
2026-04-13 12:00:00,285.69037
2026-04-14 12:00:00,284.38788
2026-04-15 12:00:00,285.07593
2026-04-16 12:00:00,287.70334
2026-04-17 12:00:00,288.63892
2026-04-18 12:00:00,289.14648
2026-04-19 12:00:00,289.86353
2026-04-20 12:00:00,288.69336
2026-04-21 12:00:00,289.9126
2026-04-22 12:00:00,291.43115
2026-04-23 12:00:00,287.41675
2026-04-24 12:00:00,286.03247
2026-04-25 12:00:00,289.276
2026-04-26 12:00:00,288.12964
2026-04-27 12:00:00,286.28125
2026-04-28 12:00:00,286.7412
2026-04-29 12:00:00,286.99512
2026-04-30 12:00:00,286.99707
2026-05-01 12:00:00,287.81128
2026-05-02 12:00:00,288.1648
2026-05-03 12:00:00,288.53394
2026-05-04 12:00:00,287.55566
2026-05-05 12:00:00,287.35864
2026-05-06 12:00:00,288.02686
2026-05-07 12:00:00,288.0224
2026-05-08 12:00:00,288.68823
2026-05-09 12:00:00,288.5354
2026-05-10 12:00:00,289.90918
2026-05-11 12:00:00,291.78006
2026-05-12 12:00:00,290.98138
2026-05-13 12:00:00,292.1443
2026-05-14 12:00:00,289.46313
2026-05-15 12:00:00,288.84863
2026-05-16 12:00:00,289.65674
2026-05-17 12:00:00,289.0088
2026-05-18 12:00:00,290.42236
2026-05-19 12:00:00,289.53882
2026-05-20 12:00:00,290.32642
2026-05-21 12:00:00,290.7666
2026-05-22 12:00:00,292.07666
2026-05-23 12:00:00,290.71484
2026-05-24 12:00:00,290.84644
2026-05-25 12:00:00,292.17505
2026-05-26 12:00:00,294.58594
2026-05-27 12:00:00,293.7964
2026-05-28 12:00:00,293.81787
2026-05-29 12:00:00,293.9629
2026-05-30 12:00:00,295.07568
2026-06-01 12:00:00,293.66724
2026-06-02 12:00:00,297.60132
2026-06-03 12:00:00,299.64624
2026-06-04 12:00:00,298.1101
2026-06-05 12:00:00,298.50708
2026-06-06 12:00:00,297.739
2026-06-07 12:00:00,296.46582
2026-06-08 12:00:00,294.26416
2026-06-09 12:00:00,294.46948
2026-06-10 12:00:00,295.57593
2026-06-11 12:00:00,297.39453
2026-06-12 12:00:00,295.17676
2026-06-13 12:00:00,296.22046
2026-06-14 12:00:00,295.58472
2026-06-15 12:00:00,296.11084
2026-06-16 12:00:00,295.76074
2026-06-17 12:00:00,296.4192
2026-06-18 12:00:00,296.96777
2026-06-19 12:00:00,296.8181
2026-06-20 12:00:00,296.65796
2026-06-21 12:00:00,296.9485
2026-06-22 12:00:00,298.49194
2026-06-23 12:00:00,298.6333
2026-06-24 12:00:00,300.30347
2026-06-25 12:00:00,298.7776
2026-06-26 12:00:00,296.99902
2026-06-27 12:00:00,298.09644
2026-06-28 12:00:00,299.64233
2026-06-29 12:00:00,298.37183
2026-06-30 12:00:00,298.24072
2026-07-01 12:00:00,299.48975
2026-07-02 12:00:00,299.1433
2026-07-03 12:00:00,299.56104
2026-07-04 12:00:00,297.71973
2026-07-05 12:00:00,298.1704
2026-07-06 12:00:00,298.68823
2026-07-07 12:00:00,299.6477
2026-07-08 12:00:00,299.35376
2026-07-09 12:00:00,298.7754
2026-07-10 12:00:00,297.79248
2026-07-11 12:00:00,295.8069
2026-07-12 12:00:00,294.76855
2026-07-13 12:00:00,294.2732
2026-07-14 12:00:00,295.33472
2026-07-15 12:00:00,295.5752
2026-07-16 12:00:00,296.35645
2026-07-17 12:00:00,298.45605
2026-07-18 12:00:00,299.7876
2026-07-19 12:00:00,296.80005
2026-07-20 12:00:00,296.32715
2026-07-21 12:00:00,298.4856
2026-07-22 12:00:00,300.01587
2026-07-23 12:00:00,299.36816
2026-07-24 12:00:00,300.5017
2026-07-25 12:00:00,299.79663
2026-07-26 12:00:00,299.74585
2026-07-27 12:00:00,300.09863
2026-07-28 12:00:00,300.20898
2026-07-29 12:00:00,299.9651
2026-07-30 12:00:00,300.9917
2026-08-01 12:00:00,301.04834
2026-08-02 12:00:00,297.90234
2026-08-03 12:00:00,295.61914
2026-08-04 12:00:00,299.8623
2026-08-05 12:00:00,302.59497
2026-08-06 12:00:00,302.72314
2026-08-07 12:00:00,302.5083
2026-08-08 12:00:00,301.59155
2026-08-09 12:00:00,300.44873
2026-08-10 12:00:00,299.67847
2026-08-11 12:00:00,299.97974
2026-08-12 12:00:00,300.1316
2026-08-13 12:00:00,300.3579
2026-08-14 12:00:00,301.2976
2026-08-15 12:00:00,302.27026
2026-08-16 12:00:00,302.41895
2026-08-17 12:00:00,301.87573
2026-08-18 12:00:00,299.29053
2026-08-19 12:00:00,299.3213
2026-08-20 12:00:00,299.7373
2026-08-21 12:00:00,299.70117
2026-08-22 12:00:00,300.48267
2026-08-23 12:00:00,299.44824
2026-08-24 12:00:00,298.69482
2026-08-25 12:00:00,294.87842
2026-08-26 12:00:00,295.3828
2026-08-27 12:00:00,298.32495
2026-08-28 12:00:00,297.2976
2026-08-29 12:00:00,296.2063
2026-08-30 12:00:00,297.43945
2026-09-01 12:00:00,297.07617
2026-09-02 12:00:00,296.25073
2026-09-03 12:00:00,296.10962
2026-09-04 12:00:00,295.33423
2026-09-05 12:00:00,294.96948
2026-09-06 12:00:00,294.36987
2026-09-07 12:00:00,295.2251
2026-09-08 12:00:00,295.08325
2026-09-09 12:00:00,296.06494
2026-09-10 12:00:00,296.00024
2026-09-11 12:00:00,296.58643
2026-09-12 12:00:00,293.27344
2026-09-13 12:00:00,290.00464
2026-09-14 12:00:00,289.4358
2026-09-15 12:00:00,291.18726
2026-09-16 12:00:00,292.63916
2026-09-17 12:00:00,292.23535
2026-09-18 12:00:00,292.25928
2026-09-19 12:00:00,294.8838
2026-09-20 12:00:00,297.01172
2026-09-21 12:00:00,296.12183
2026-09-22 12:00:00,296.2505
2026-09-23 12:00:00,296.22192
2026-09-24 12:00:00,295.00122
2026-09-25 12:00:00,294.69116
2026-09-26 12:00:00,295.2815
2026-09-27 12:00:00,296.948
2026-09-28 12:00:00,296.64722
2026-09-29 12:00:00,295.09668
2026-09-30 12:00:00,292.87378
2026-10-01 12:00:00,291.91748
2026-10-02 12:00:00,294.7478
2026-10-03 12:00:00,295.49414
2026-10-04 12:00:00,294.31616
2026-10-05 12:00:00,293.9673
2026-10-06 12:00:00,294.5515
2026-10-07 12:00:00,294.70654
2026-10-08 12:00:00,293.01904
2026-10-09 12:00:00,294.97437
2026-10-10 12:00:00,293.1892
2026-10-11 12:00:00,293.21884
2026-10-12 12:00:00,292.88965
2026-10-13 12:00:00,290.998
2026-10-14 12:00:00,291.76758
2026-10-15 12:00:00,292.99243
2026-10-16 12:00:00,294.0113
2026-10-17 12:00:00,293.276
2026-10-18 12:00:00,291.3022
2026-10-19 12:00:00,291.36917
2026-10-20 12:00:00,291.10132
2026-10-21 12:00:00,291.2722
2026-10-22 12:00:00,291.36523
2026-10-23 12:00:00,291.34906
2026-10-24 12:00:00,289.20898
2026-10-25 12:00:00,286.1826
2026-10-26 12:00:00,286.22137
2026-10-27 12:00:00,287.6972
2026-10-28 12:00:00,287.62674
2026-10-29 12:00:00,286.03076
2026-10-30 12:00:00,284.4104
2026-11-01 12:00:00,285.51794
2026-11-02 12:00:00,292.0788
2026-11-03 12:00:00,292.45633
2026-11-04 12:00:00,289.47803
2026-11-05 12:00:00,289.63953
2026-11-06 12:00:00,289.94098
2026-11-07 12:00:00,287.61914
2026-11-08 12:00:00,286.43457
2026-11-09 12:00:00,285.71448
2026-11-10 12:00:00,284.87805
2026-11-11 12:00:00,284.3069
2026-11-12 12:00:00,284.80096
2026-11-13 12:00:00,287.4051
2026-11-14 12:00:00,287.58832
2026-11-15 12:00:00,287.32556
2026-11-16 12:00:00,286.21265
2026-11-17 12:00:00,283.4632
2026-11-18 12:00:00,283.263
2026-11-19 12:00:00,283.29962
2026-11-20 12:00:00,285.6802
2026-11-21 12:00:00,285.54932
2026-11-22 12:00:00,284.95642
2026-11-23 12:00:00,285.15784
2026-11-24 12:00:00,288.33643
2026-11-25 12:00:00,286.77075
2026-11-26 12:00:00,284.05588
2026-11-27 12:00:00,286.40552
2026-11-28 12:00:00,287.20728
2026-11-29 12:00:00,287.6178
2026-11-30 12:00:00,286.24628
2026-12-01 12:00:00,285.27924
2026-12-02 12:00:00,284.5678
2026-12-03 12:00:00,283.74713
2026-12-04 12:00:00,284.47656
2026-12-05 12:00:00,287.49982
2026-12-06 12:00:00,287.99298
2026-12-07 12:00:00,288.0182
2026-12-08 12:00:00,287.20093
2026-12-09 12:00:00,285.00757
2026-12-10 12:00:00,282.215
2026-12-11 12:00:00,283.14032
2026-12-12 12:00:00,281.4347
2026-12-13 12:00:00,281.93024
2026-12-14 12:00:00,280.57718
2026-12-15 12:00:00,280.78894
2026-12-16 12:00:00,280.39725
2026-12-17 12:00:00,284.1198
2026-12-18 12:00:00,285.73755
2026-12-19 12:00:00,285.49292
2026-12-20 12:00:00,287.69507
2026-12-21 12:00:00,288.4381
2026-12-22 12:00:00,286.26788
2026-12-23 12:00:00,287.36664
2026-12-24 12:00:00,285.57953
2026-12-25 12:00:00,278.4508
2026-12-26 12:00:00,283.01755
2026-12-27 12:00:00,283.59006
2026-12-28 12:00:00,282.4653
2026-12-29 12:00:00,281.39734
2026-12-30 12:00:00,281.73956
2027-01-01 12:00:00,283.69275
2027-01-02 12:00:00,281.79718
2027-01-03 12:00:00,281.60544
2027-01-04 12:00:00,283.2058
2027-01-05 12:00:00,285.141
2027-01-06 12:00:00,284.39154
2027-01-07 12:00:00,282.6593
2027-01-08 12:00:00,282.3489
2027-01-09 12:00:00,280.45502
2027-01-10 12:00:00,282.3297
2027-01-11 12:00:00,279.62817
2027-01-12 12:00:00,281.20142
2027-01-13 12:00:00,280.67642
2027-01-14 12:00:00,279.45715
2027-01-15 12:00:00,281.19632
2027-01-16 12:00:00,281.97452
2027-01-17 12:00:00,282.17847
2027-01-18 12:00:00,283.41638
2027-01-19 12:00:00,282.69366
2027-01-20 12:00:00,281.6242
2027-01-21 12:00:00,276.99808
2027-01-22 12:00:00,278.02902
2027-01-23 12:00:00,279.36792
2027-01-24 12:00:00,275.9075
2027-01-25 12:00:00,275.5376
2027-01-26 12:00:00,273.9376
2027-01-27 12:00:00,276.0479
2027-01-28 12:00:00,278.12323
2027-01-29 12:00:00,278.35486
2027-01-30 12:00:00,278.96402
2027-02-01 12:00:00,279.84122
2027-02-02 12:00:00,281.14056
2027-02-03 12:00:00,284.38208
2027-02-04 12:00:00,285.72833
2027-02-05 12:00:00,285.87793
2027-02-06 12:00:00,286.12732
2027-02-07 12:00:00,285.95187
2027-02-08 12:00:00,286.23804
2027-02-09 12:00:00,284.21216
2027-02-10 12:00:00,281.88458
2027-02-11 12:00:00,281.35196
2027-02-12 12:00:00,282.40717
2027-02-13 12:00:00,281.9944
2027-02-14 12:00:00,283.864
2027-02-15 12:00:00,287.61633
2027-02-16 12:00:00,283.08636
2027-02-17 12:00:00,282.70654
2027-02-18 12:00:00,282.792
2027-02-19 12:00:00,284.02158
2027-02-20 12:00:00,283.18494
2027-02-21 12:00:00,281.01367
2027-02-22 12:00:00,282.09247
2027-02-23 12:00:00,282.8157
2027-02-24 12:00:00,284.1109
2027-02-25 12:00:00,283.2112
2027-02-26 12:00:00,282.94104
2027-02-27 12:00:00,279.77448
2027-02-28 12:00:00,279.05786
2027-02-29 12:00:00,281.17523
2027-02-30 12:00:00,279.71555
2027-03-01 12:00:00,281.03394
2027-03-02 12:00:00,282.2091
2027-03-03 12:00:00,281.9452
2027-03-04 12:00:00,281.68066
2027-03-05 12:00:00,280.9267
2027-03-06 12:00:00,280.0666
2027-03-07 12:00:00,282.18094
2027-03-08 12:00:00,281.84473
2027-03-09 12:00:00,282.80014
2027-03-10 12:00:00,284.13052
2027-03-11 12:00:00,281.74628
2027-03-12 12:00:00,280.12515
2027-03-13 12:00:00,280.3587
2027-03-14 12:00:00,282.0364
2027-03-15 12:00:00,286.0307
2027-03-16 12:00:00,285.31702
2027-03-17 12:00:00,285.81744
2027-03-18 12:00:00,286.04236
2027-03-19 12:00:00,283.95468
2027-03-20 12:00:00,283.31427
2027-03-21 12:00:00,281.7718
2027-03-22 12:00:00,279.98874
2027-03-23 12:00:00,280.77948
2027-03-24 12:00:00,281.3943
2027-03-25 12:00:00,284.11545
2027-03-26 12:00:00,284.52295
2027-03-27 12:00:00,285.26138
2027-03-28 12:00:00,285.89563
2027-03-29 12:00:00,287.54102
2027-03-30 12:00:00,286.96066
2027-04-01 12:00:00,287.28668
2027-04-02 12:00:00,286.49042
2027-04-03 12:00:00,287.47614
2027-04-04 12:00:00,288.06708
2027-04-05 12:00:00,287.90042
2027-04-06 12:00:00,285.70288
2027-04-07 12:00:00,286.43237
2027-04-08 12:00:00,286.11758
2027-04-09 12:00:00,284.59576
2027-04-10 12:00:00,286.22614
2027-04-11 12:00:00,285.4783
2027-04-12 12:00:00,284.76245
2027-04-13 12:00:00,287.81006
2027-04-14 12:00:00,289.76917
2027-04-15 12:00:00,287.00928
2027-04-16 12:00:00,285.68225
2027-04-17 12:00:00,287.43842
2027-04-18 12:00:00,288.297
2027-04-19 12:00:00,286.85925
2027-04-20 12:00:00,287.70502
2027-04-21 12:00:00,288.16797
2027-04-22 12:00:00,288.20685
2027-04-23 12:00:00,287.75424
2027-04-24 12:00:00,287.49866
2027-04-25 12:00:00,287.40283
2027-04-26 12:00:00,285.27246
2027-04-27 12:00:00,285.8562
2027-04-28 12:00:00,286.15894
2027-04-29 12:00:00,285.9475
2027-04-30 12:00:00,286.9319
2027-05-01 12:00:00,286.85938
2027-05-02 12:00:00,288.9807
2027-05-03 12:00:00,290.9497
2027-05-04 12:00:00,291.29053
2027-05-05 12:00:00,290.23267
2027-05-06 12:00:00,288.47046
2027-05-07 12:00:00,288.8723
2027-05-08 12:00:00,288.85852
2027-05-09 12:00:00,289.80267
2027-05-10 12:00:00,289.40698
2027-05-11 12:00:00,288.86743
2027-05-12 12:00:00,290.41656
2027-05-13 12:00:00,290.07495
2027-05-14 12:00:00,288.74268
2027-05-15 12:00:00,288.0503
2027-05-16 12:00:00,289.47583
2027-05-17 12:00:00,289.09912
2027-05-18 12:00:00,290.13477
2027-05-19 12:00:00,290.57935
2027-05-20 12:00:00,289.39453
2027-05-21 12:00:00,295.30493
2027-05-22 12:00:00,295.52368
2027-05-23 12:00:00,293.76538
2027-05-24 12:00:00,292.81787
2027-05-25 12:00:00,293.3911
2027-05-26 12:00:00,293.23828
2027-05-27 12:00:00,292.0371
2027-05-28 12:00:00,293.79102
2027-05-29 12:00:00,295.49268
2027-05-30 12:00:00,295.42773
2027-06-01 12:00:00,292.94287
2027-06-02 12:00:00,294.49512
2027-06-03 12:00:00,295.60083
2027-06-04 12:00:00,294.344
2027-06-05 12:00:00,292.02344
2027-06-06 12:00:00,290.6831
2027-06-07 12:00:00,291.2959
2027-06-08 12:00:00,291.24634
2027-06-09 12:00:00,291.6975
2027-06-10 12:00:00,293.03906
2027-06-11 12:00:00,293.9707
2027-06-12 12:00:00,295.35376
2027-06-13 12:00:00,296.03516
2027-06-14 12:00:00,298.95972
2027-06-15 12:00:00,301.406
2027-06-16 12:00:00,296.5918
2027-06-17 12:00:00,294.9673
2027-06-18 12:00:00,294.89185
2027-06-19 12:00:00,296.3811
2027-06-20 12:00:00,298.10938
2027-06-21 12:00:00,297.83447
2027-06-22 12:00:00,295.57544
2027-06-23 12:00:00,295.68408
2027-06-24 12:00:00,299.16626
2027-06-25 12:00:00,298.00098
2027-06-26 12:00:00,297.8396
2027-06-27 12:00:00,298.31714
2027-06-28 12:00:00,297.92285
2027-06-29 12:00:00,299.21973
2027-06-30 12:00:00,295.8899
2027-07-01 12:00:00,295.4673
2027-07-02 12:00:00,296.84473
2027-07-03 12:00:00,298.74927
2027-07-04 12:00:00,301.45898
2027-07-05 12:00:00,299.92432
2027-07-06 12:00:00,298.83276
2027-07-07 12:00:00,297.52783
2027-07-08 12:00:00,297.45898
2027-07-09 12:00:00,298.25366
2027-07-10 12:00:00,301.15576
2027-07-11 12:00:00,300.62256
2027-07-12 12:00:00,300.12207
2027-07-13 12:00:00,301.0703
2027-07-14 12:00:00,299.72363
2027-07-15 12:00:00,299.5442
2027-07-16 12:00:00,300.9712
2027-07-17 12:00:00,299.38135
2027-07-18 12:00:00,299.2412
2027-07-19 12:00:00,298.9292
2027-07-20 12:00:00,298.56445
2027-07-21 12:00:00,297.16992
2027-07-22 12:00:00,296.79468
2027-07-23 12:00:00,296.88672
2027-07-24 12:00:00,298.66064
2027-07-25 12:00:00,299.92578
2027-07-26 12:00:00,301.10596
2027-07-27 12:00:00,300.6421
2027-07-28 12:00:00,300.3872
2027-07-29 12:00:00,299.34692
2027-07-30 12:00:00,298.3977
2027-08-01 12:00:00,298.52368
2027-08-02 12:00:00,297.45972
2027-08-03 12:00:00,297.8191
2027-08-04 12:00:00,298.36987
2027-08-05 12:00:00,298.75415
2027-08-06 12:00:00,298.77417
2027-08-07 12:00:00,299.16382
2027-08-08 12:00:00,299.5432
2027-08-09 12:00:00,299.89062
2027-08-10 12:00:00,302.4348
2027-08-11 12:00:00,300.47998
2027-08-12 12:00:00,300.97632
2027-08-13 12:00:00,300.22266
2027-08-14 12:00:00,300.40942
2027-08-15 12:00:00,301.6941
2027-08-16 12:00:00,300.7776
2027-08-17 12:00:00,301.4353
2027-08-18 12:00:00,302.3086
2027-08-19 12:00:00,302.1433
2027-08-20 12:00:00,302.39062
2027-08-21 12:00:00,300.22388
2027-08-22 12:00:00,300.84937
2027-08-23 12:00:00,301.3313
2027-08-24 12:00:00,300.77368
2027-08-25 12:00:00,296.1897
2027-08-26 12:00:00,297.8418
2027-08-27 12:00:00,299.1892
2027-08-28 12:00:00,299.64087
2027-08-29 12:00:00,299.36768
2027-08-30 12:00:00,297.81177
2027-09-01 12:00:00,298.06592
2027-09-02 12:00:00,297.90112
2027-09-03 12:00:00,298.61987
2027-09-04 12:00:00,298.36108
2027-09-05 12:00:00,298.2058
2027-09-06 12:00:00,298.1184
2027-09-07 12:00:00,297.82007
2027-09-08 12:00:00,297.77783
2027-09-09 12:00:00,298.08765
2027-09-10 12:00:00,296.9392
2027-09-11 12:00:00,297.63745
2027-09-12 12:00:00,296.5537
2027-09-13 12:00:00,296.71338
2027-09-14 12:00:00,296.6377
2027-09-15 12:00:00,294.37842
2027-09-16 12:00:00,292.1548
2027-09-17 12:00:00,293.41455
2027-09-18 12:00:00,293.24902
2027-09-19 12:00:00,293.40942
2027-09-20 12:00:00,292.9402
2027-09-21 12:00:00,292.82837
2027-09-22 12:00:00,293.03003
2027-09-23 12:00:00,293.06055
2027-09-24 12:00:00,294.21216
2027-09-25 12:00:00,294.6189
2027-09-26 12:00:00,293.63477
2027-09-27 12:00:00,292.82544
2027-09-28 12:00:00,292.93063
2027-09-29 12:00:00,293.2063
2027-09-30 12:00:00,293.4577
2027-10-01 12:00:00,295.80298
2027-10-02 12:00:00,294.208
2027-10-03 12:00:00,289.38916
2027-10-04 12:00:00,288.78223
2027-10-05 12:00:00,288.9839
2027-10-06 12:00:00,291.99274
2027-10-07 12:00:00,292.1692
2027-10-08 12:00:00,291.52744
2027-10-09 12:00:00,292.31934
2027-10-10 12:00:00,292.07913
2027-10-11 12:00:00,293.6004
2027-10-12 12:00:00,294.7706
2027-10-13 12:00:00,295.04388
2027-10-14 12:00:00,294.28357
2027-10-15 12:00:00,293.25186
2027-10-16 12:00:00,290.4415
2027-10-17 12:00:00,290.55283
2027-10-18 12:00:00,291.34128
2027-10-19 12:00:00,289.81964
2027-10-20 12:00:00,289.04095
2027-10-21 12:00:00,289.6255
2027-10-22 12:00:00,292.51135
2027-10-23 12:00:00,288.48694
2027-10-24 12:00:00,288.4939
2027-10-25 12:00:00,291.1582
2027-10-26 12:00:00,290.4242
2027-10-27 12:00:00,289.08765
2027-10-28 12:00:00,288.29297
2027-10-29 12:00:00,288.13754
2027-10-30 12:00:00,286.13977
2027-11-01 12:00:00,286.39246
2027-11-02 12:00:00,288.27344
2027-11-03 12:00:00,288.44672
2027-11-04 12:00:00,288.53522
2027-11-05 12:00:00,288.3515
2027-11-06 12:00:00,287.4925
2027-11-07 12:00:00,286.79584
2027-11-08 12:00:00,288.35815
2027-11-09 12:00:00,286.63885
2027-11-10 12:00:00,284.18964
2027-11-11 12:00:00,286.32047
2027-11-12 12:00:00,281.95105
2027-11-13 12:00:00,280.87546
2027-11-14 12:00:00,284.21326
2027-11-15 12:00:00,283.5329
2027-11-16 12:00:00,281.71777
2027-11-17 12:00:00,281.20782
2027-11-18 12:00:00,280.4016
2027-11-19 12:00:00,280.77472
2027-11-20 12:00:00,278.803
2027-11-21 12:00:00,278.8084
2027-11-22 12:00:00,280.5263
2027-11-23 12:00:00,280.0053
2027-11-24 12:00:00,284.33902
2027-11-25 12:00:00,285.8832
2027-11-26 12:00:00,288.7359
2027-11-27 12:00:00,288.60165
2027-11-28 12:00:00,289.8164
2027-11-29 12:00:00,290.54108
2027-11-30 12:00:00,288.1214
2027-12-01 12:00:00,287.58078
2027-12-02 12:00:00,282.69196
2027-12-03 12:00:00,283.4617
2027-12-04 12:00:00,283.31122
2027-12-05 12:00:00,284.8532
2027-12-06 12:00:00,282.16443
2027-12-07 12:00:00,284.58276
2027-12-08 12:00:00,284.7354
2027-12-09 12:00:00,281.05273
2027-12-10 12:00:00,281.13037
2027-12-11 12:00:00,284.9428
2027-12-12 12:00:00,287.58646
2027-12-13 12:00:00,286.01575
2027-12-14 12:00:00,288.72253
2027-12-15 12:00:00,284.30005
2027-12-16 12:00:00,282.4154
2027-12-17 12:00:00,287.07416
2027-12-18 12:00:00,286.32965
2027-12-19 12:00:00,287.8553
2027-12-20 12:00:00,287.3694
2027-12-21 12:00:00,283.95667
2027-12-22 12:00:00,282.64197
2027-12-23 12:00:00,283.03336
2027-12-24 12:00:00,283.56528
2027-12-25 12:00:00,282.55408
2027-12-26 12:00:00,287.53717
2027-12-27 12:00:00,284.65674
2027-12-28 12:00:00,283.78906
2027-12-29 12:00:00,284.90323
2027-12-30 12:00:00,284.59515
2028-01-01 12:00:00,280.5391
2028-01-02 12:00:00,279.883
2028-01-03 12:00:00,282.7365
2028-01-04 12:00:00,283.14008
2028-01-05 12:00:00,284.54233
2028-01-06 12:00:00,285.963
2028-01-07 12:00:00,285.5482
2028-01-08 12:00:00,284.76453
2028-01-09 12:00:00,281.731
2028-01-10 12:00:00,279.69135
2028-01-11 12:00:00,281.79678
2028-01-12 12:00:00,283.77582
2028-01-13 12:00:00,279.97348
2028-01-14 12:00:00,279.99393
2028-01-15 12:00:00,281.51334
2028-01-16 12:00:00,278.7089
2028-01-17 12:00:00,279.27478
2028-01-18 12:00:00,279.89374
2028-01-19 12:00:00,282.97906
2028-01-20 12:00:00,281.95374
2028-01-21 12:00:00,279.1775
2028-01-22 12:00:00,279.49307
2028-01-23 12:00:00,281.75098
2028-01-24 12:00:00,286.5313
2028-01-25 12:00:00,286.7293
2028-01-26 12:00:00,287.02356
2028-01-27 12:00:00,285.84552
2028-01-28 12:00:00,284.55865
2028-01-29 12:00:00,282.02423
2028-01-30 12:00:00,280.2547
2028-02-01 12:00:00,282.7201
2028-02-02 12:00:00,283.93915
2028-02-03 12:00:00,281.35394
2028-02-04 12:00:00,283.4312
2028-02-05 12:00:00,282.85718
2028-02-06 12:00:00,285.1237
2028-02-07 12:00:00,285.43378
2028-02-08 12:00:00,284.72626
2028-02-09 12:00:00,281.17563
2028-02-10 12:00:00,278.03888
2028-02-11 12:00:00,276.82303
2028-02-12 12:00:00,280.6218
2028-02-13 12:00:00,286.0534
2028-02-14 12:00:00,289.5681
2028-02-15 12:00:00,288.01068
2028-02-16 12:00:00,284.3423
2028-02-17 12:00:00,282.88843
2028-02-18 12:00:00,283.43994
2028-02-19 12:00:00,285.6173
2028-02-20 12:00:00,284.64423
2028-02-21 12:00:00,284.57068
2028-02-22 12:00:00,281.8711
2028-02-23 12:00:00,283.1788
2028-02-24 12:00:00,284.95563
2028-02-25 12:00:00,286.28113
2028-02-26 12:00:00,282.78897
2028-02-27 12:00:00,280.16214
2028-02-28 12:00:00,279.75568
2028-02-29 12:00:00,280.38522
2028-02-30 12:00:00,280.93637
2028-03-01 12:00:00,284.3573
2028-03-02 12:00:00,284.29236
2028-03-03 12:00:00,281.21466
2028-03-04 12:00:00,281.05936
2028-03-05 12:00:00,281.25323
2028-03-06 12:00:00,282.13483
2028-03-07 12:00:00,284.53952
2028-03-08 12:00:00,285.10138
2028-03-09 12:00:00,282.94495
2028-03-10 12:00:00,282.68747
2028-03-11 12:00:00,284.76962
2028-03-12 12:00:00,284.40637
2028-03-13 12:00:00,284.06516
2028-03-14 12:00:00,284.5324
2028-03-15 12:00:00,284.69614
2028-03-16 12:00:00,283.2336
2028-03-17 12:00:00,282.51547
2028-03-18 12:00:00,281.14178
2028-03-19 12:00:00,281.69208
2028-03-20 12:00:00,283.63837
2028-03-21 12:00:00,284.08826
2028-03-22 12:00:00,282.7214
2028-03-23 12:00:00,284.2126
2028-03-24 12:00:00,283.5475
2028-03-25 12:00:00,283.04395
2028-03-26 12:00:00,282.71338
2028-03-27 12:00:00,285.1995
2028-03-28 12:00:00,284.57648
2028-03-29 12:00:00,284.5992
2028-03-30 12:00:00,283.5998
2028-04-01 12:00:00,285.0848
2028-04-02 12:00:00,285.92212
2028-04-03 12:00:00,287.14667
2028-04-04 12:00:00,291.15155
2028-04-05 12:00:00,293.34113
2028-04-06 12:00:00,290.0003
2028-04-07 12:00:00,290.04623
2028-04-08 12:00:00,287.91968
2028-04-09 12:00:00,288.20178
2028-04-10 12:00:00,285.3478
2028-04-11 12:00:00,284.91748
2028-04-12 12:00:00,286.0252
2028-04-13 12:00:00,286.50305
2028-04-14 12:00:00,287.1598
2028-04-15 12:00:00,286.06012
2028-04-16 12:00:00,287.2666
2028-04-17 12:00:00,287.28125
2028-04-18 12:00:00,288.86853
2028-04-19 12:00:00,288.27176
2028-04-20 12:00:00,285.25635
2028-04-21 12:00:00,285.92395
2028-04-22 12:00:00,285.2429
2028-04-23 12:00:00,284.57806
2028-04-24 12:00:00,286.8283
2028-04-25 12:00:00,285.8015
2028-04-26 12:00:00,287.18433
2028-04-27 12:00:00,288.44165
2028-04-28 12:00:00,288.8396
2028-04-29 12:00:00,288.34375
2028-04-30 12:00:00,288.35352
2028-05-01 12:00:00,289.1145
2028-05-02 12:00:00,287.85815
2028-05-03 12:00:00,287.66675
2028-05-04 12:00:00,287.16626
2028-05-05 12:00:00,288.98584
2028-05-06 12:00:00,290.39355
2028-05-07 12:00:00,290.5735
2028-05-08 12:00:00,289.31274
2028-05-09 12:00:00,286.24268
2028-05-10 12:00:00,286.4126
2028-05-11 12:00:00,286.82007
2028-05-12 12:00:00,287.85156
2028-05-13 12:00:00,287.53687
2028-05-14 12:00:00,289.05615
2028-05-15 12:00:00,291.38007
2028-05-16 12:00:00,292.1582
2028-05-17 12:00:00,293.7312
2028-05-18 12:00:00,294.73486
2028-05-19 12:00:00,292.91943
2028-05-20 12:00:00,293.41382
2028-05-21 12:00:00,295.78027
2028-05-22 12:00:00,294.33105
2028-05-23 12:00:00,294.63965
2028-05-24 12:00:00,296.95898
2028-05-25 12:00:00,294.88208
2028-05-26 12:00:00,292.54932
2028-05-27 12:00:00,292.20752
2028-05-28 12:00:00,293.06787
2028-05-29 12:00:00,292.14136
2028-05-30 12:00:00,291.54956
2028-06-01 12:00:00,291.63232
2028-06-02 12:00:00,291.92456
2028-06-03 12:00:00,292.80273
2028-06-04 12:00:00,294.1919
2028-06-05 12:00:00,293.50073
2028-06-06 12:00:00,295.92773
2028-06-07 12:00:00,297.76318
2028-06-08 12:00:00,296.68018
2028-06-09 12:00:00,296.0913
2028-06-10 12:00:00,294.67163
2028-06-11 12:00:00,295.06226
2028-06-12 12:00:00,296.28638
2028-06-13 12:00:00,298.1079
2028-06-14 12:00:00,295.40918
2028-06-15 12:00:00,295.79224
2028-06-16 12:00:00,296.32495
2028-06-17 12:00:00,295.63306
2028-06-18 12:00:00,296.45996
2028-06-19 12:00:00,296.1443
2028-06-20 12:00:00,296.1267
2028-06-21 12:00:00,297.27417
2028-06-22 12:00:00,296.68286
2028-06-23 12:00:00,296.73657
2028-06-24 12:00:00,296.24316
2028-06-25 12:00:00,295.2334
2028-06-26 12:00:00,295.62793
2028-06-27 12:00:00,299.21167
2028-06-28 12:00:00,301.2832
2028-06-29 12:00:00,299.47534
2028-06-30 12:00:00,299.04907
2028-07-01 12:00:00,299.6411
2028-07-02 12:00:00,299.9795
2028-07-03 12:00:00,302.40942
2028-07-04 12:00:00,302.9646
2028-07-05 12:00:00,301.38843
2028-07-06 12:00:00,301.5193
2028-07-07 12:00:00,300.6194
2028-07-08 12:00:00,297.08813
2028-07-09 12:00:00,295.83838
2028-07-10 12:00:00,298.06592
2028-07-11 12:00:00,297.50464
2028-07-12 12:00:00,295.40356
2028-07-13 12:00:00,297.05542
2028-07-14 12:00:00,295.6084
2028-07-15 12:00:00,295.28345
2028-07-16 12:00:00,295.052
2028-07-17 12:00:00,294.6848
2028-07-18 12:00:00,296.17456
2028-07-19 12:00:00,297.63013
2028-07-20 12:00:00,297.88086
2028-07-21 12:00:00,298.20312
2028-07-22 12:00:00,299.92822
2028-07-23 12:00:00,300.63696
2028-07-24 12:00:00,299.82153
2028-07-25 12:00:00,299.32397
2028-07-26 12:00:00,299.5122
2028-07-27 12:00:00,300.15723
2028-07-28 12:00:00,300.9961
2028-07-29 12:00:00,299.95386
2028-07-30 12:00:00,298.38916
2028-08-01 12:00:00,300.98022
2028-08-02 12:00:00,301.9441
2028-08-03 12:00:00,300.5852
2028-08-04 12:00:00,302.01904
2028-08-05 12:00:00,301.59937
2028-08-06 12:00:00,300.094
2028-08-07 12:00:00,299.81567
2028-08-08 12:00:00,298.30078
2028-08-09 12:00:00,298.31958
2028-08-10 12:00:00,298.031
2028-08-11 12:00:00,299.00952
2028-08-12 12:00:00,299.8335
2028-08-13 12:00:00,299.13892
2028-08-14 12:00:00,299.45483
2028-08-15 12:00:00,300.01685
2028-08-16 12:00:00,301.26978
2028-08-17 12:00:00,300.7942
2028-08-18 12:00:00,300.7754
2028-08-19 12:00:00,301.35303
2028-08-20 12:00:00,301.66553
2028-08-21 12:00:00,302.2959
2028-08-22 12:00:00,301.4629
2028-08-23 12:00:00,301.271
2028-08-24 12:00:00,300.9004
2028-08-25 12:00:00,296.45703
2028-08-26 12:00:00,296.6372
2028-08-27 12:00:00,297.6582
2028-08-28 12:00:00,298.7727
2028-08-29 12:00:00,299.0625
2028-08-30 12:00:00,299.48462
2028-09-01 12:00:00,300.51392
2028-09-02 12:00:00,300.61304
2028-09-03 12:00:00,300.18848
2028-09-04 12:00:00,298.7605
2028-09-05 12:00:00,294.6421
2028-09-06 12:00:00,293.385
2028-09-07 12:00:00,294.46094
2028-09-08 12:00:00,296.4807
2028-09-09 12:00:00,296.69897
2028-09-10 12:00:00,296.99414
2028-09-11 12:00:00,296.11255
2028-09-12 12:00:00,295.11597
2028-09-13 12:00:00,295.41724
2028-09-14 12:00:00,294.7527
2028-09-15 12:00:00,294.55005
2028-09-16 12:00:00,295.16846
2028-09-17 12:00:00,295.82495
2028-09-18 12:00:00,296.9541
2028-09-19 12:00:00,296.15674
2028-09-20 12:00:00,296.55737
2028-09-21 12:00:00,291.67163
2028-09-22 12:00:00,289.22705
2028-09-23 12:00:00,288.99756
2028-09-24 12:00:00,290.14697
2028-09-25 12:00:00,290.07715
2028-09-26 12:00:00,291.48206
2028-09-27 12:00:00,292.02438
2028-09-28 12:00:00,291.72906
2028-09-29 12:00:00,295.63354
2028-09-30 12:00:00,296.08105
2028-10-01 12:00:00,295.69507
2028-10-02 12:00:00,295.8181
2028-10-03 12:00:00,295.49243
2028-10-04 12:00:00,294.84473
2028-10-05 12:00:00,294.20483
2028-10-06 12:00:00,292.97974
2028-10-07 12:00:00,291.2981
2028-10-08 12:00:00,290.47363
2028-10-09 12:00:00,289.21295
2028-10-10 12:00:00,289.14087
2028-10-11 12:00:00,290.28345
2028-10-12 12:00:00,290.11646
2028-10-13 12:00:00,289.82104
2028-10-14 12:00:00,290.1079
2028-10-15 12:00:00,290.77393
2028-10-16 12:00:00,290.7273
2028-10-17 12:00:00,291.1123
2028-10-18 12:00:00,292.50806
2028-10-19 12:00:00,291.2606
2028-10-20 12:00:00,290.4618
2028-10-21 12:00:00,288.64526
2028-10-22 12:00:00,288.32275
2028-10-23 12:00:00,290.7788
2028-10-24 12:00:00,289.43164
2028-10-25 12:00:00,288.02222
2028-10-26 12:00:00,288.74805
2028-10-27 12:00:00,290.35986
2028-10-28 12:00:00,291.29303
2028-10-29 12:00:00,291.98126
2028-10-30 12:00:00,291.19165
2028-11-01 12:00:00,288.26813
2028-11-02 12:00:00,287.09607
2028-11-03 12:00:00,287.25104
2028-11-04 12:00:00,288.24274
2028-11-05 12:00:00,288.79144
2028-11-06 12:00:00,289.3438
2028-11-07 12:00:00,288.33966
2028-11-08 12:00:00,287.6504
2028-11-09 12:00:00,288.84906
2028-11-10 12:00:00,288.61438
2028-11-11 12:00:00,287.82928
2028-11-12 12:00:00,289.3786
2028-11-13 12:00:00,287.84973
2028-11-14 12:00:00,290.3416
2028-11-15 12:00:00,288.19318
2028-11-16 12:00:00,288.52356
2028-11-17 12:00:00,285.19385
2028-11-18 12:00:00,283.6584
2028-11-19 12:00:00,284.02423
2028-11-20 12:00:00,285.49603
2028-11-21 12:00:00,288.09674
2028-11-22 12:00:00,288.70184
2028-11-23 12:00:00,288.66486
2028-11-24 12:00:00,289.1678
2028-11-25 12:00:00,286.85175
2028-11-26 12:00:00,285.28278
2028-11-27 12:00:00,285.5794
2028-11-28 12:00:00,286.5044
2028-11-29 12:00:00,286.10562
2028-11-30 12:00:00,282.4829
2028-12-01 12:00:00,280.69016
2028-12-02 12:00:00,280.99173
2028-12-03 12:00:00,286.51355
2028-12-04 12:00:00,289.07553
2028-12-05 12:00:00,285.1974
2028-12-06 12:00:00,280.9687
2028-12-07 12:00:00,281.1046
2028-12-08 12:00:00,281.0822
2028-12-09 12:00:00,280.94678
2028-12-10 12:00:00,281.74673
2028-12-11 12:00:00,281.5181
2028-12-12 12:00:00,280.66675
2028-12-13 12:00:00,281.47064
2028-12-14 12:00:00,282.78955
2028-12-15 12:00:00,279.03497
2028-12-16 12:00:00,278.77618
2028-12-17 12:00:00,279.50888
2028-12-18 12:00:00,281.73495
2028-12-19 12:00:00,281.0989
2028-12-20 12:00:00,281.89453
2028-12-21 12:00:00,280.98727
2028-12-22 12:00:00,281.90704
2028-12-23 12:00:00,282.8244
2028-12-24 12:00:00,281.97183
2028-12-25 12:00:00,279.8717
2028-12-26 12:00:00,281.8321
2028-12-27 12:00:00,281.37268
2028-12-28 12:00:00,283.4963
2028-12-29 12:00:00,280.4426
2028-12-30 12:00:00,280.5984
2029-01-01 12:00:00,279.47247
2029-01-02 12:00:00,285.83044
2029-01-03 12:00:00,286.58643
2029-01-04 12:00:00,284.23074
2029-01-05 12:00:00,279.29404
2029-01-06 12:00:00,278.20038
2029-01-07 12:00:00,281.9077
2029-01-08 12:00:00,283.1599
2029-01-09 12:00:00,281.50412
2029-01-10 12:00:00,282.22705
2029-01-11 12:00:00,285.7555
2029-01-12 12:00:00,282.74268
2029-01-13 12:00:00,289.0398
2029-01-14 12:00:00,288.96075
2029-01-15 12:00:00,285.97766
2029-01-16 12:00:00,282.74405
2029-01-17 12:00:00,282.17413
2029-01-18 12:00:00,282.8004
2029-01-19 12:00:00,284.2428
2029-01-20 12:00:00,283.8205
2029-01-21 12:00:00,281.48627
2029-01-22 12:00:00,286.66296
2029-01-23 12:00:00,284.74854
2029-01-24 12:00:00,286.18423
2029-01-25 12:00:00,285.2575
2029-01-26 12:00:00,284.057
2029-01-27 12:00:00,285.14404
2029-01-28 12:00:00,284.71228
2029-01-29 12:00:00,287.13037
2029-01-30 12:00:00,283.6855
2029-02-01 12:00:00,284.16406
2029-02-02 12:00:00,284.25726
2029-02-03 12:00:00,285.1972
2029-02-04 12:00:00,283.05658
2029-02-05 12:00:00,279.66873
2029-02-06 12:00:00,279.40204
2029-02-07 12:00:00,280.39215
2029-02-08 12:00:00,281.12738
2029-02-09 12:00:00,283.984
2029-02-10 12:00:00,282.55893
2029-02-11 12:00:00,280.33203
2029-02-12 12:00:00,280.64993
2029-02-13 12:00:00,282.4167
2029-02-14 12:00:00,280.18378
2029-02-15 12:00:00,279.81293
2029-02-16 12:00:00,280.41534
2029-02-17 12:00:00,281.9928
2029-02-18 12:00:00,283.57886
2029-02-19 12:00:00,284.06924
2029-02-20 12:00:00,284.00037
2029-02-21 12:00:00,283.47577
2029-02-22 12:00:00,283.30322
2029-02-23 12:00:00,282.00958
2029-02-24 12:00:00,279.7259
2029-02-25 12:00:00,281.35876
2029-02-26 12:00:00,279.72604
2029-02-27 12:00:00,281.35056
2029-02-28 12:00:00,283.23547
2029-02-29 12:00:00,283.23077
2029-02-30 12:00:00,286.6576
2029-03-01 12:00:00,285.96948
2029-03-02 12:00:00,284.52072
2029-03-03 12:00:00,285.40167
2029-03-04 12:00:00,285.3958
2029-03-05 12:00:00,283.50278
2029-03-06 12:00:00,283.52975
2029-03-07 12:00:00,284.85278
2029-03-08 12:00:00,284.59232
2029-03-09 12:00:00,285.34473
2029-03-10 12:00:00,286.26993
2029-03-11 12:00:00,286.01782
2029-03-12 12:00:00,284.72046
2029-03-13 12:00:00,283.7961
2029-03-14 12:00:00,283.17194
2029-03-15 12:00:00,283.81995
2029-03-16 12:00:00,283.82147
2029-03-17 12:00:00,283.10162
2029-03-18 12:00:00,282.06763
2029-03-19 12:00:00,282.16943
2029-03-20 12:00:00,284.82498
2029-03-21 12:00:00,285.9152
2029-03-22 12:00:00,286.65448
2029-03-23 12:00:00,284.33124
2029-03-24 12:00:00,285.53314
2029-03-25 12:00:00,285.9027
2029-03-26 12:00:00,284.10333
2029-03-27 12:00:00,283.7386
2029-03-28 12:00:00,283.94373
2029-03-29 12:00:00,286.61575
2029-03-30 12:00:00,286.56024
2029-04-01 12:00:00,285.85175
2029-04-02 12:00:00,285.30695
2029-04-03 12:00:00,286.5693
2029-04-04 12:00:00,286.80414
2029-04-05 12:00:00,288.2141
2029-04-06 12:00:00,289.39972
2029-04-07 12:00:00,288.73694
2029-04-08 12:00:00,288.27698
2029-04-09 12:00:00,286.97214
2029-04-10 12:00:00,286.56183
2029-04-11 12:00:00,287.26245
2029-04-12 12:00:00,287.39334
2029-04-13 12:00:00,287.78015
2029-04-14 12:00:00,287.12
2029-04-15 12:00:00,285.98877
2029-04-16 12:00:00,287.69653
2029-04-17 12:00:00,288.4863
2029-04-18 12:00:00,289.33
2029-04-19 12:00:00,289.1531
2029-04-20 12:00:00,289.5606
2029-04-21 12:00:00,289.31668
2029-04-22 12:00:00,288.8462
2029-04-23 12:00:00,287.38602
2029-04-24 12:00:00,287.73218
2029-04-25 12:00:00,288.50162
2029-04-26 12:00:00,289.2067
2029-04-27 12:00:00,288.71924
2029-04-28 12:00:00,286.67712
2029-04-29 12:00:00,288.3943
2029-04-30 12:00:00,290.53766
2029-05-01 12:00:00,290.5468
2029-05-02 12:00:00,289.7462
2029-05-03 12:00:00,288.6277
2029-05-04 12:00:00,287.2345
2029-05-05 12:00:00,289.3828
2029-05-06 12:00:00,288.15332
2029-05-07 12:00:00,287.26593
2029-05-08 12:00:00,287.75748
2029-05-09 12:00:00,290.13916
2029-05-10 12:00:00,288.92197
2029-05-11 12:00:00,288.8792
2029-05-12 12:00:00,288.69946
2029-05-13 12:00:00,289.18042
2029-05-14 12:00:00,289.58057
2029-05-15 12:00:00,290.37427
2029-05-16 12:00:00,290.02002
2029-05-17 12:00:00,289.27832
2029-05-18 12:00:00,288.62744
2029-05-19 12:00:00,285.69287
2029-05-20 12:00:00,287.6748
2029-05-21 12:00:00,287.36453
2029-05-22 12:00:00,288.94897
2029-05-23 12:00:00,290.27905
2029-05-24 12:00:00,289.698
2029-05-25 12:00:00,290.54053
2029-05-26 12:00:00,290.80225
2029-05-27 12:00:00,291.37793
2029-05-28 12:00:00,292.45312
2029-05-29 12:00:00,294.1277
2029-05-30 12:00:00,296.0244
2029-06-01 12:00:00,296.88623
2029-06-02 12:00:00,295.6494
2029-06-03 12:00:00,295.29126
2029-06-04 12:00:00,295.00684
2029-06-05 12:00:00,293.3589
2029-06-06 12:00:00,292.51294
2029-06-07 12:00:00,293.58105
2029-06-08 12:00:00,293.81934
2029-06-09 12:00:00,294.06934
2029-06-10 12:00:00,293.41333
2029-06-11 12:00:00,294.63208
2029-06-12 12:00:00,294.72534
2029-06-13 12:00:00,295.12012
2029-06-14 12:00:00,295.0786
2029-06-15 12:00:00,295.3589
2029-06-16 12:00:00,295.78906
2029-06-17 12:00:00,296.80957
2029-06-18 12:00:00,296.9922
2029-06-19 12:00:00,298.2251
2029-06-20 12:00:00,297.56616
2029-06-21 12:00:00,296.1936
2029-06-22 12:00:00,296.44507
2029-06-23 12:00:00,295.8567
2029-06-24 12:00:00,296.31274
2029-06-25 12:00:00,298.5398
2029-06-26 12:00:00,299.55347
2029-06-27 12:00:00,298.87915
2029-06-28 12:00:00,296.77686
2029-06-29 12:00:00,296.7871
2029-06-30 12:00:00,300.76416
2029-07-01 12:00:00,299.1902
2029-07-02 12:00:00,300.60645
2029-07-03 12:00:00,302.11768
2029-07-04 12:00:00,301.9265
2029-07-05 12:00:00,303.7556
2029-07-06 12:00:00,299.01343
2029-07-07 12:00:00,298.86426
2029-07-08 12:00:00,299.71655
2029-07-09 12:00:00,299.0027
2029-07-10 12:00:00,298.7964
2029-07-11 12:00:00,298.45093
2029-07-12 12:00:00,300.23193
2029-07-13 12:00:00,299.84937
2029-07-14 12:00:00,299.25244
2029-07-15 12:00:00,299.70508
2029-07-16 12:00:00,299.94214
2029-07-17 12:00:00,297.62524
2029-07-18 12:00:00,297.59375
2029-07-19 12:00:00,297.03296
2029-07-20 12:00:00,297.1538
2029-07-21 12:00:00,297.54004
2029-07-22 12:00:00,298.64868
2029-07-23 12:00:00,298.22266
2029-07-24 12:00:00,296.26025
2029-07-25 12:00:00,296.31372
2029-07-26 12:00:00,296.10547
2029-07-27 12:00:00,297.54028
2029-07-28 12:00:00,297.60645
2029-07-29 12:00:00,296.7151
2029-07-30 12:00:00,296.9524
2029-08-01 12:00:00,296.4673
2029-08-02 12:00:00,297.9248
2029-08-03 12:00:00,298.42017
2029-08-04 12:00:00,299.01855
2029-08-05 12:00:00,299.49146
2029-08-06 12:00:00,300.4922
2029-08-07 12:00:00,300.38672
2029-08-08 12:00:00,300.2605
2029-08-09 12:00:00,300.14648
2029-08-10 12:00:00,300.42798
2029-08-11 12:00:00,301.4541
2029-08-12 12:00:00,301.74023
2029-08-13 12:00:00,300.30835
2029-08-14 12:00:00,300.20044
2029-08-15 12:00:00,300.52563
2029-08-16 12:00:00,299.55737
2029-08-17 12:00:00,299.78564
2029-08-18 12:00:00,300.20312
2029-08-19 12:00:00,300.8081
2029-08-20 12:00:00,300.3357
2029-08-21 12:00:00,300.95557
2029-08-22 12:00:00,300.53638
2029-08-23 12:00:00,298.62866
2029-08-24 12:00:00,298.0974
2029-08-25 12:00:00,298.8452
2029-08-26 12:00:00,298.60693
2029-08-27 12:00:00,298.2317
2029-08-28 12:00:00,298.37988
2029-08-29 12:00:00,299.03125
2029-08-30 12:00:00,299.5686
2029-09-01 12:00:00,299.84277
2029-09-02 12:00:00,300.5537
2029-09-03 12:00:00,300.1377
2029-09-04 12:00:00,299.07983
2029-09-05 12:00:00,299.8203
2029-09-06 12:00:00,299.39966
2029-09-07 12:00:00,297.99194
2029-09-08 12:00:00,296.24097
2029-09-09 12:00:00,295.93652
2029-09-10 12:00:00,296.45776
2029-09-11 12:00:00,296.10352
2029-09-12 12:00:00,297.50537
2029-09-13 12:00:00,296.7046
2029-09-14 12:00:00,298.11548
2029-09-15 12:00:00,298.54395
2029-09-16 12:00:00,298.29663
2029-09-17 12:00:00,298.56104
2029-09-18 12:00:00,297.43237
2029-09-19 12:00:00,297.49487
2029-09-20 12:00:00,296.1106
2029-09-21 12:00:00,296.81665
2029-09-22 12:00:00,295.55225
2029-09-23 12:00:00,293.93604
2029-09-24 12:00:00,292.86206
2029-09-25 12:00:00,291.8794
2029-09-26 12:00:00,292.79517
2029-09-27 12:00:00,293.28174
2029-09-28 12:00:00,294.0276
2029-09-29 12:00:00,296.4502
2029-09-30 12:00:00,295.40625
2029-10-01 12:00:00,295.78174
2029-10-02 12:00:00,298.1446
2029-10-03 12:00:00,295.36133
2029-10-04 12:00:00,296.5773
2029-10-05 12:00:00,297.21094
2029-10-06 12:00:00,297.53052
2029-10-07 12:00:00,295.97778
2029-10-08 12:00:00,296.25806
2029-10-09 12:00:00,297.10156
2029-10-10 12:00:00,296.56348
2029-10-11 12:00:00,297.1272
2029-10-12 12:00:00,295.75977
2029-10-13 12:00:00,293.74927
2029-10-14 12:00:00,292.3589
2029-10-15 12:00:00,291.47534
2029-10-16 12:00:00,291.93262
2029-10-17 12:00:00,291.25366
2029-10-18 12:00:00,288.78296
2029-10-19 12:00:00,287.89917
2029-10-20 12:00:00,288.6075
2029-10-21 12:00:00,290.74792
2029-10-22 12:00:00,292.0166
2029-10-23 12:00:00,290.03442
2029-10-24 12:00:00,287.89423
2029-10-25 12:00:00,287.35168
2029-10-26 12:00:00,288.08862
2029-10-27 12:00:00,289.78577
2029-10-28 12:00:00,288.58856
2029-10-29 12:00:00,287.67752
2029-10-30 12:00:00,288.4585
2029-11-01 12:00:00,283.25345
2029-11-02 12:00:00,283.35986
2029-11-03 12:00:00,286.13907
2029-11-04 12:00:00,286.00244
2029-11-05 12:00:00,285.31006
2029-11-06 12:00:00,287.03256
2029-11-07 12:00:00,287.41452
2029-11-08 12:00:00,283.60883
2029-11-09 12:00:00,282.94952
2029-11-10 12:00:00,286.09375
2029-11-11 12:00:00,285.53296
2029-11-12 12:00:00,282.66656
2029-11-13 12:00:00,282.73654
2029-11-14 12:00:00,287.0464
2029-11-15 12:00:00,289.49228
2029-11-16 12:00:00,288.52527
2029-11-17 12:00:00,288.72998
2029-11-18 12:00:00,287.9959
2029-11-19 12:00:00,290.09265
2029-11-20 12:00:00,287.74634
2029-11-21 12:00:00,288.09015
2029-11-22 12:00:00,286.58698
2029-11-23 12:00:00,285.56635
2029-11-24 12:00:00,286.5171
2029-11-25 12:00:00,285.22614
2029-11-26 12:00:00,286.98788
2029-11-27 12:00:00,287.04224
2029-11-28 12:00:00,284.98627
2029-11-29 12:00:00,284.42712
2029-11-30 12:00:00,284.89856
2029-12-01 12:00:00,283.5453
2029-12-02 12:00:00,284.07214
2029-12-03 12:00:00,284.7871
2029-12-04 12:00:00,284.5149
2029-12-05 12:00:00,283.40588
2029-12-06 12:00:00,284.14832
2029-12-07 12:00:00,284.81586
2029-12-08 12:00:00,286.14777
2029-12-09 12:00:00,284.59662
2029-12-10 12:00:00,282.36887
2029-12-11 12:00:00,284.05753
2029-12-12 12:00:00,281.60037
2029-12-13 12:00:00,280.60065
2029-12-14 12:00:00,282.72412
2029-12-15 12:00:00,281.07825
2029-12-16 12:00:00,279.13177
2029-12-17 12:00:00,277.29865
2029-12-18 12:00:00,277.5653
2029-12-19 12:00:00,281.5423
2029-12-20 12:00:00,283.63684
2029-12-21 12:00:00,280.46606
2029-12-22 12:00:00,280.3705
2029-12-23 12:00:00,283.24304
2029-12-24 12:00:00,283.1712
2029-12-25 12:00:00,281.29358
2029-12-26 12:00:00,279.96527
2029-12-27 12:00:00,279.22925
2029-12-28 12:00:00,281.37582
2029-12-29 12:00:00,284.1964
2029-12-30 12:00:00,281.1767
2030-01-01 12:00:00,278.05292
2030-01-02 12:00:00,276.367
2030-01-03 12:00:00,277.948
2030-01-04 12:00:00,284.09735
2030-01-05 12:00:00,283.21033
2030-01-06 12:00:00,280.52585
2030-01-07 12:00:00,280.77603
2030-01-08 12:00:00,282.25037
2030-01-09 12:00:00,280.63153
2030-01-10 12:00:00,279.1878
2030-01-11 12:00:00,281.76642
2030-01-12 12:00:00,284.86713
2030-01-13 12:00:00,281.5492
2030-01-14 12:00:00,281.60925
2030-01-15 12:00:00,281.07562
2030-01-16 12:00:00,285.06366
2030-01-17 12:00:00,285.09833
2030-01-18 12:00:00,284.68878
2030-01-19 12:00:00,283.7215
2030-01-20 12:00:00,282.1161
2030-01-21 12:00:00,281.1128
2030-01-22 12:00:00,283.19193
2030-01-23 12:00:00,284.5008
2030-01-24 12:00:00,282.94305
2030-01-25 12:00:00,280.851
2030-01-26 12:00:00,281.92776
2030-01-27 12:00:00,281.92352
2030-01-28 12:00:00,280.55402
2030-01-29 12:00:00,279.58777
2030-01-30 12:00:00,279.2173
2030-02-01 12:00:00,279.06784
2030-02-02 12:00:00,281.74313
2030-02-03 12:00:00,281.52362
2030-02-04 12:00:00,280.04117
2030-02-05 12:00:00,283.04947
2030-02-06 12:00:00,282.0295
2030-02-07 12:00:00,282.10327
2030-02-08 12:00:00,278.97366
2030-02-09 12:00:00,281.6625
2030-02-10 12:00:00,282.9759
2030-02-11 12:00:00,282.72794
2030-02-12 12:00:00,283.802
2030-02-13 12:00:00,281.4978
2030-02-14 12:00:00,282.71002
2030-02-15 12:00:00,285.2977
2030-02-16 12:00:00,282.53033
2030-02-17 12:00:00,282.44196
2030-02-18 12:00:00,282.99606
2030-02-19 12:00:00,281.52377
2030-02-20 12:00:00,283.7529
2030-02-21 12:00:00,286.59384
2030-02-22 12:00:00,285.67755
2030-02-23 12:00:00,282.06543
2030-02-24 12:00:00,285.1233
2030-02-25 12:00:00,283.95496
2030-02-26 12:00:00,283.9743
2030-02-27 12:00:00,283.9742
2030-02-28 12:00:00,283.01083
2030-02-29 12:00:00,283.9679
2030-02-30 12:00:00,285.11096
2030-03-01 12:00:00,287.36218
2030-03-02 12:00:00,285.81036
2030-03-03 12:00:00,283.4052
2030-03-04 12:00:00,283.8136
2030-03-05 12:00:00,280.75482
2030-03-06 12:00:00,279.61963
2030-03-07 12:00:00,278.94476
2030-03-08 12:00:00,279.7823
2030-03-09 12:00:00,280.99594
2030-03-10 12:00:00,280.06335
2030-03-11 12:00:00,280.91968
2030-03-12 12:00:00,282.06955
2030-03-13 12:00:00,282.75934
2030-03-14 12:00:00,282.9984
2030-03-15 12:00:00,285.54697
2030-03-16 12:00:00,287.20032
2030-03-17 12:00:00,286.17813
2030-03-18 12:00:00,282.71686
2030-03-19 12:00:00,282.17682
2030-03-20 12:00:00,283.6156
2030-03-21 12:00:00,281.84747
2030-03-22 12:00:00,283.58875
2030-03-23 12:00:00,286.66937
2030-03-24 12:00:00,285.27164
2030-03-25 12:00:00,280.8833
2030-03-26 12:00:00,280.5213
2030-03-27 12:00:00,282.57205
2030-03-28 12:00:00,283.48175
2030-03-29 12:00:00,284.45715
2030-03-30 12:00:00,284.6729
2030-04-01 12:00:00,285.17764
2030-04-02 12:00:00,285.80927
2030-04-03 12:00:00,286.6867
2030-04-04 12:00:00,285.23645
2030-04-05 12:00:00,283.54138
2030-04-06 12:00:00,284.1394
2030-04-07 12:00:00,284.2154
2030-04-08 12:00:00,285.64062
2030-04-09 12:00:00,287.62866
2030-04-10 12:00:00,283.87738
2030-04-11 12:00:00,282.74207
2030-04-12 12:00:00,282.68567
2030-04-13 12:00:00,282.57947
2030-04-14 12:00:00,284.11615
2030-04-15 12:00:00,283.92435
2030-04-16 12:00:00,285.29663
2030-04-17 12:00:00,282.56265
2030-04-18 12:00:00,282.8515
2030-04-19 12:00:00,284.44214
2030-04-20 12:00:00,287.36642
2030-04-21 12:00:00,287.09348
2030-04-22 12:00:00,287.40552
2030-04-23 12:00:00,288.05518
2030-04-24 12:00:00,287.216
2030-04-25 12:00:00,285.52252
2030-04-26 12:00:00,287.7268
2030-04-27 12:00:00,286.9539
2030-04-28 12:00:00,286.4434
2030-04-29 12:00:00,288.6345
2030-04-30 12:00:00,288.7501
2030-05-01 12:00:00,288.2295
2030-05-02 12:00:00,289.77637
2030-05-03 12:00:00,288.9119
2030-05-04 12:00:00,288.85913
2030-05-05 12:00:00,288.643
2030-05-06 12:00:00,289.1216
2030-05-07 12:00:00,289.65527
2030-05-08 12:00:00,288.7212
2030-05-09 12:00:00,290.96704
2030-05-10 12:00:00,291.22705
2030-05-11 12:00:00,291.79834
2030-05-12 12:00:00,292.1648
2030-05-13 12:00:00,291.23166
2030-05-14 12:00:00,289.05054
2030-05-15 12:00:00,289.21738
2030-05-16 12:00:00,289.47803
2030-05-17 12:00:00,290.1577
2030-05-18 12:00:00,289.51855
2030-05-19 12:00:00,288.2815
2030-05-20 12:00:00,288.57202
2030-05-21 12:00:00,288.02612
2030-05-22 12:00:00,288.81787
2030-05-23 12:00:00,289.22192
2030-05-24 12:00:00,289.17236
2030-05-25 12:00:00,289.5271
2030-05-26 12:00:00,288.90088
2030-05-27 12:00:00,290.1328
2030-05-28 12:00:00,291.7649
2030-05-29 12:00:00,291.88672
2030-05-30 12:00:00,291.51904
2030-06-01 12:00:00,291.71704
2030-06-02 12:00:00,291.3269
2030-06-03 12:00:00,291.07324
2030-06-04 12:00:00,292.9895
2030-06-05 12:00:00,292.69678
2030-06-06 12:00:00,293.12964
2030-06-07 12:00:00,295.69287
2030-06-08 12:00:00,296.8794
2030-06-09 12:00:00,295.07227
2030-06-10 12:00:00,294.23267
2030-06-11 12:00:00,294.14673
2030-06-12 12:00:00,294.04126
2030-06-13 12:00:00,293.67603
2030-06-14 12:00:00,294.45996
2030-06-15 12:00:00,292.9961
2030-06-16 12:00:00,293.25293
2030-06-17 12:00:00,293.52515
2030-06-18 12:00:00,293.78442
2030-06-19 12:00:00,295.19604
2030-06-20 12:00:00,294.99634
2030-06-21 12:00:00,297.68872
2030-06-22 12:00:00,300.49805
2030-06-23 12:00:00,298.91016
2030-06-24 12:00:00,296.4629
2030-06-25 12:00:00,297.3098
2030-06-26 12:00:00,296.36255
2030-06-27 12:00:00,296.06567
2030-06-28 12:00:00,295.22046
2030-06-29 12:00:00,294.69946
2030-06-30 12:00:00,295.20972
2030-07-01 12:00:00,296.83545
2030-07-02 12:00:00,295.27246
2030-07-03 12:00:00,295.73804
2030-07-04 12:00:00,296.25073
2030-07-05 12:00:00,296.4829
2030-07-06 12:00:00,297.43506
2030-07-07 12:00:00,298.39282
2030-07-08 12:00:00,298.26074
2030-07-09 12:00:00,299.35767
2030-07-10 12:00:00,296.1089
2030-07-11 12:00:00,296.0691
2030-07-12 12:00:00,295.48877
2030-07-13 12:00:00,296.8894
2030-07-14 12:00:00,297.66406
2030-07-15 12:00:00,298.71704
2030-07-16 12:00:00,297.7854
2030-07-17 12:00:00,296.23022
2030-07-18 12:00:00,296.0083
2030-07-19 12:00:00,296.84888
2030-07-20 12:00:00,295.91528
2030-07-21 12:00:00,295.57227
2030-07-22 12:00:00,294.86304
2030-07-23 12:00:00,295.85962
2030-07-24 12:00:00,296.87476
2030-07-25 12:00:00,295.41943
2030-07-26 12:00:00,295.89795
2030-07-27 12:00:00,296.68066
2030-07-28 12:00:00,295.6643
2030-07-29 12:00:00,294.4851
2030-07-30 12:00:00,293.71338
2030-08-01 12:00:00,295.2422
2030-08-02 12:00:00,295.45825
2030-08-03 12:00:00,296.2234
2030-08-04 12:00:00,297.6765
2030-08-05 12:00:00,296.22583
2030-08-06 12:00:00,297.3069
2030-08-07 12:00:00,298.6814
2030-08-08 12:00:00,299.31128
2030-08-09 12:00:00,297.97998
2030-08-10 12:00:00,298.5752
2030-08-11 12:00:00,300.77515
2030-08-12 12:00:00,299.93066
2030-08-13 12:00:00,299.70068
2030-08-14 12:00:00,299.35547
2030-08-15 12:00:00,300.8816
2030-08-16 12:00:00,299.2932
2030-08-17 12:00:00,297.0481
2030-08-18 12:00:00,295.94678
2030-08-19 12:00:00,295.11523
2030-08-20 12:00:00,297.667
2030-08-21 12:00:00,299.0398
2030-08-22 12:00:00,298.90942
2030-08-23 12:00:00,297.24072
2030-08-24 12:00:00,296.0315
2030-08-25 12:00:00,295.729
2030-08-26 12:00:00,296.50928
2030-08-27 12:00:00,298.57617
2030-08-28 12:00:00,301.23145
2030-08-29 12:00:00,298.10254
2030-08-30 12:00:00,296.84448
2030-09-01 12:00:00,296.5088
2030-09-02 12:00:00,296.2146
2030-09-03 12:00:00,296.22974
2030-09-04 12:00:00,297.36987
2030-09-05 12:00:00,297.83618
2030-09-06 12:00:00,299.59033
2030-09-07 12:00:00,298.3733
2030-09-08 12:00:00,297.86523
2030-09-09 12:00:00,297.49194
2030-09-10 12:00:00,297.7683
2030-09-11 12:00:00,298.95264
2030-09-12 12:00:00,297.8921
2030-09-13 12:00:00,297.89893
2030-09-14 12:00:00,297.31787
2030-09-15 12:00:00,296.3772
2030-09-16 12:00:00,296.09692
2030-09-17 12:00:00,295.04688
2030-09-18 12:00:00,292.906
2030-09-19 12:00:00,292.2068
2030-09-20 12:00:00,292.26978
2030-09-21 12:00:00,293.10278
2030-09-22 12:00:00,292.80933
2030-09-23 12:00:00,292.96558
2030-09-24 12:00:00,292.13818
2030-09-25 12:00:00,290.85254
2030-09-26 12:00:00,290.87988
2030-09-27 12:00:00,290.82568
2030-09-28 12:00:00,292.97632
2030-09-29 12:00:00,293.26294
2030-09-30 12:00:00,292.7207
2030-10-01 12:00:00,291.79248
2030-10-02 12:00:00,290.97974
2030-10-03 12:00:00,291.44116
2030-10-04 12:00:00,290.54517
2030-10-05 12:00:00,291.16602
2030-10-06 12:00:00,288.5349
2030-10-07 12:00:00,289.2649
2030-10-08 12:00:00,288.14502
2030-10-09 12:00:00,288.8844
2030-10-10 12:00:00,290.0254
2030-10-11 12:00:00,291.84985
2030-10-12 12:00:00,291.65283
2030-10-13 12:00:00,293.18726
2030-10-14 12:00:00,293.2434
2030-10-15 12:00:00,289.87534
2030-10-16 12:00:00,289.63135
2030-10-17 12:00:00,291.95557
2030-10-18 12:00:00,292.21902
2030-10-19 12:00:00,291.04004
2030-10-20 12:00:00,289.74707
2030-10-21 12:00:00,289.2724
2030-10-22 12:00:00,287.27362
2030-10-23 12:00:00,287.70453
2030-10-24 12:00:00,290.40387
2030-10-25 12:00:00,288.29416
2030-10-26 12:00:00,287.5794
2030-10-27 12:00:00,290.76892
2030-10-28 12:00:00,290.41827
2030-10-29 12:00:00,288.59192
2030-10-30 12:00:00,286.96313
2030-11-01 12:00:00,287.3581
2030-11-02 12:00:00,291.93936
2030-11-03 12:00:00,292.55667
2030-11-04 12:00:00,293.22333
2030-11-05 12:00:00,292.30994
2030-11-06 12:00:00,290.62152
2030-11-07 12:00:00,288.75873
2030-11-08 12:00:00,287.54688
2030-11-09 12:00:00,287.17822
2030-11-10 12:00:00,287.0143
2030-11-11 12:00:00,287.3739
2030-11-12 12:00:00,288.8821
2030-11-13 12:00:00,288.46115
2030-11-14 12:00:00,286.04297
2030-11-15 12:00:00,288.63596
2030-11-16 12:00:00,286.3081
2030-11-17 12:00:00,284.927
2030-11-18 12:00:00,285.30484
2030-11-19 12:00:00,285.8224
2030-11-20 12:00:00,285.86157
2030-11-21 12:00:00,285.87122
2030-11-22 12:00:00,285.90616
2030-11-23 12:00:00,286.136
2030-11-24 12:00:00,283.73224
2030-11-25 12:00:00,282.4586
2030-11-26 12:00:00,285.0407
2030-11-27 12:00:00,283.62247
2030-11-28 12:00:00,282.05408
2030-11-29 12:00:00,279.58948
2030-11-30 12:00:00,282.98077
2030-12-01 12:00:00,285.29578
2030-12-02 12:00:00,285.1134
2030-12-03 12:00:00,285.85223
2030-12-04 12:00:00,285.50824
2030-12-05 12:00:00,284.00623
2030-12-06 12:00:00,282.28668
2030-12-07 12:00:00,282.4976
2030-12-08 12:00:00,284.31943
2030-12-09 12:00:00,285.5087
2030-12-10 12:00:00,284.40515
2030-12-11 12:00:00,281.05835
2030-12-12 12:00:00,283.1668
2030-12-13 12:00:00,283.81055
2030-12-14 12:00:00,280.8351
2030-12-15 12:00:00,280.30142
2030-12-16 12:00:00,282.77118
2030-12-17 12:00:00,284.6482
2030-12-18 12:00:00,283.45493
2030-12-19 12:00:00,282.34103
2030-12-20 12:00:00,284.40454
2030-12-21 12:00:00,287.89813
2030-12-22 12:00:00,283.96417
2030-12-23 12:00:00,285.79645
2030-12-24 12:00:00,287.52325
2030-12-25 12:00:00,287.19678
2030-12-26 12:00:00,286.28857
2030-12-27 12:00:00,284.26965
2030-12-28 12:00:00,280.88528
2030-12-29 12:00:00,281.06274
2030-12-30 12:00:00,287.87634
