time,pr
2086-01-01 12:00:00,3.6169064e-07
2086-01-02 12:00:00,5.42536e-07
2086-01-03 12:00:00,2.3509892e-06
2086-01-04 12:00:00,0.0
2086-01-05 12:00:00,0.0
2086-01-06 12:00:00,6.3295863e-07
2086-01-07 12:00:00,6.6822344e-05
2086-01-08 12:00:00,0.00012125679
2086-01-09 12:00:00,3.978597e-06
2086-01-10 12:00:00,6.872122e-06
2086-01-11 12:00:00,0.0
2086-01-12 12:00:00,1.0850719e-05
2086-01-13 12:00:00,9.042266e-08
2086-01-14 12:00:00,0.00017270728
2086-01-15 12:00:00,8.138039e-06
2086-01-16 12:00:00,0.0
2086-01-17 12:00:00,0.0
2086-01-18 12:00:00,1.6276078e-06
2086-01-19 12:00:00,4.1684845e-05
2086-01-20 12:00:00,0.0
2086-01-21 12:00:00,0.0
2086-01-22 12:00:00,1.8084532e-07
2086-01-23 12:00:00,2.71268e-07
2086-01-24 12:00:00,1.0217761e-05
2086-01-25 12:00:00,0.0
2086-01-26 12:00:00,1.8084532e-07
2086-01-27 12:00:00,0.0
2086-01-28 12:00:00,1.3563399e-06
2086-01-29 12:00:00,4.8828238e-06
2086-01-30 12:00:00,0.0002530026
2086-02-01 12:00:00,3.9966817e-05
2086-02-02 12:00:00,7.405616e-05
2086-02-03 12:00:00,0.00021475382
2086-02-04 12:00:00,0.00012424073
2086-02-05 12:00:00,0.0
2086-02-06 12:00:00,7.704011e-05
2086-02-07 12:00:00,2.5137499e-05
2086-02-08 12:00:00,5.235472e-05
2086-02-09 12:00:00,0.0
2086-02-10 12:00:00,9.0422657e-07
2086-02-11 12:00:00,0.0
2086-02-12 12:00:00,1.4467626e-06
2086-02-13 12:00:00,0.0
2086-02-14 12:00:00,9.0422657e-07
2086-02-15 12:00:00,1.8084532e-07
2086-02-16 12:00:00,1.8084532e-07
2086-02-17 12:00:00,0.0
2086-02-18 12:00:00,0.0
2086-02-19 12:00:00,1.085072e-06
2086-02-20 12:00:00,0.0
2086-02-21 12:00:00,0.0
2086-02-22 12:00:00,0.0
2086-02-23 12:00:00,0.0
2086-02-24 12:00:00,0.0
2086-02-25 12:00:00,0.0
2086-02-26 12:00:00,0.0
2086-02-27 12:00:00,0.0
2086-02-28 12:00:00,0.0
2086-02-29 12:00:00,0.0
2086-02-30 12:00:00,0.0
2086-03-01 12:00:00,0.0
2086-03-02 12:00:00,0.0
2086-03-03 12:00:00,0.0
2086-03-04 12:00:00,0.0
2086-03-05 12:00:00,1.2659173e-06
2086-03-06 12:00:00,6.3295863e-07
2086-03-07 12:00:00,3.2100044e-05
2086-03-08 12:00:00,9.3587456e-05
2086-03-09 12:00:00,1.4467626e-06
2086-03-10 12:00:00,0.0
2086-03-11 12:00:00,0.0
2086-03-12 12:00:00,9.946492e-06
2086-03-13 12:00:00,9.042266e-08
2086-03-14 12:00:00,9.042266e-08
2086-03-15 12:00:00,2.4414119e-06
2086-03-16 12:00:00,0.0
2086-03-17 12:00:00,9.168858e-05
2086-03-18 12:00:00,0.0
2086-03-19 12:00:00,1.5823965e-05
2086-03-20 12:00:00,2.3600314e-05
2086-03-21 12:00:00,0.0
2086-03-22 12:00:00,1.8084532e-07
2086-03-23 12:00:00,8.138039e-07
2086-03-24 12:00:00,2.613215e-05
2086-03-25 12:00:00,3.0743704e-05
2086-03-26 12:00:00,0.00021466339
2086-03-27 12:00:00,0.0
2086-03-28 12:00:00,0.0
2086-03-29 12:00:00,0.0
2086-03-30 12:00:00,0.0
2086-04-01 12:00:00,0.0
2086-04-02 12:00:00,0.0
2086-04-03 12:00:00,0.0
2086-04-04 12:00:00,8.138039e-07
2086-04-05 12:00:00,0.0
2086-04-06 12:00:00,0.0
2086-04-07 12:00:00,0.0
2086-04-08 12:00:00,0.0
2086-04-09 12:00:00,3.7073291e-06
2086-04-10 12:00:00,3.6169064e-07
2086-04-11 12:00:00,0.0
2086-04-12 12:00:00,9.584802e-06
2086-04-13 12:00:00,3.6982867e-05
2086-04-14 12:00:00,7.6678414e-05
2086-04-15 12:00:00,1.1393255e-05
2086-04-16 12:00:00,0.0
2086-04-17 12:00:00,0.0
2086-04-18 12:00:00,5.42536e-07
2086-04-19 12:00:00,1.83558e-05
2086-04-20 12:00:00,0.0
2086-04-21 12:00:00,0.0
2086-04-22 12:00:00,0.0
2086-04-23 12:00:00,0.0
2086-04-24 12:00:00,0.0
2086-04-25 12:00:00,9.042266e-08
2086-04-26 12:00:00,9.042266e-08
2086-04-27 12:00:00,1.2659173e-06
2086-04-28 12:00:00,0.000101906335
2086-04-29 12:00:00,8.138039e-07
2086-04-30 12:00:00,1.1845368e-05
2086-05-01 12:00:00,0.00010633705
2086-05-02 12:00:00,0.0
2086-05-03 12:00:00,0.0
2086-05-04 12:00:00,1.2659173e-06
2086-05-05 12:00:00,0.0
2086-05-06 12:00:00,0.0
2086-05-07 12:00:00,0.0
2086-05-08 12:00:00,0.0
2086-05-09 12:00:00,0.0
2086-05-10 12:00:00,0.0
2086-05-11 12:00:00,0.0
2086-05-12 12:00:00,0.0
2086-05-13 12:00:00,9.042266e-08
2086-05-14 12:00:00,1.8084532e-07
2086-05-15 12:00:00,0.0
2086-05-16 12:00:00,0.0
2086-05-17 12:00:00,7.957194e-06
2086-05-18 12:00:00,1.4467626e-06
2086-05-19 12:00:00,0.0
2086-05-20 12:00:00,9.042266e-08
2086-05-21 12:00:00,0.0
2086-05-22 12:00:00,0.0
2086-05-23 12:00:00,0.0
2086-05-24 12:00:00,0.0
2086-05-25 12:00:00,0.0
2086-05-26 12:00:00,0.0
2086-05-27 12:00:00,0.0
2086-05-28 12:00:00,0.0
2086-05-29 12:00:00,0.0
2086-05-30 12:00:00,0.0
2086-06-01 12:00:00,0.0
2086-06-02 12:00:00,0.0
2086-06-03 12:00:00,0.0
2086-06-04 12:00:00,0.0
2086-06-05 12:00:00,0.0
2086-06-06 12:00:00,1.2659173e-06
2086-06-07 12:00:00,0.0
2086-06-08 12:00:00,2.893525e-06
2086-06-09 12:00:00,0.0
2086-06-10 12:00:00,5.3349368e-06
2086-06-11 12:00:00,0.0
2086-06-12 12:00:00,0.0
2086-06-13 12:00:00,0.0
2086-06-14 12:00:00,0.0
2086-06-15 12:00:00,0.0
2086-06-16 12:00:00,0.0
2086-06-17 12:00:00,0.0
2086-06-18 12:00:00,0.0
2086-06-19 12:00:00,0.0
2086-06-20 12:00:00,1.1935791e-05
2086-06-21 12:00:00,5.172176e-05
2086-06-22 12:00:00,0.0
2086-06-23 12:00:00,0.0
2086-06-24 12:00:00,0.0
2086-06-25 12:00:00,0.0
2086-06-26 12:00:00,0.0
2086-06-27 12:00:00,0.0
2086-06-28 12:00:00,0.0
2086-06-29 12:00:00,0.0
2086-06-30 12:00:00,4.5211328e-07
2086-07-01 12:00:00,0.0
2086-07-02 12:00:00,0.0
2086-07-03 12:00:00,0.0
2086-07-04 12:00:00,0.0
2086-07-05 12:00:00,0.0
2086-07-06 12:00:00,0.0
2086-07-07 12:00:00,0.0
2086-07-08 12:00:00,0.0
2086-07-09 12:00:00,0.0
2086-07-10 12:00:00,0.0
2086-07-11 12:00:00,0.0
2086-07-12 12:00:00,0.0
2086-07-13 12:00:00,0.0
2086-07-14 12:00:00,0.0
2086-07-15 12:00:00,0.0
2086-07-16 12:00:00,0.0
2086-07-17 12:00:00,0.0
2086-07-18 12:00:00,0.0
2086-07-19 12:00:00,0.0
2086-07-20 12:00:00,0.0
2086-07-21 12:00:00,0.0
2086-07-22 12:00:00,0.0
2086-07-23 12:00:00,0.0
2086-07-24 12:00:00,0.0
2086-07-25 12:00:00,0.0
2086-07-26 12:00:00,0.0
2086-07-27 12:00:00,0.0
2086-07-28 12:00:00,0.0
2086-07-29 12:00:00,0.0
2086-07-30 12:00:00,0.0
2086-08-01 12:00:00,0.0
2086-08-02 12:00:00,0.0
2086-08-03 12:00:00,0.0
2086-08-04 12:00:00,0.0
2086-08-05 12:00:00,0.0
2086-08-06 12:00:00,0.0
2086-08-07 12:00:00,0.0
2086-08-08 12:00:00,0.0
2086-08-09 12:00:00,0.0
2086-08-10 12:00:00,0.0
2086-08-11 12:00:00,0.0
2086-08-12 12:00:00,0.0
2086-08-13 12:00:00,0.0
2086-08-14 12:00:00,0.0
2086-08-15 12:00:00,0.0
2086-08-16 12:00:00,0.0
2086-08-17 12:00:00,0.0
2086-08-18 12:00:00,0.0
2086-08-19 12:00:00,0.0
2086-08-20 12:00:00,0.0
2086-08-21 12:00:00,0.0
2086-08-22 12:00:00,0.0
2086-08-23 12:00:00,0.0
2086-08-24 12:00:00,0.0
2086-08-25 12:00:00,0.0
2086-08-26 12:00:00,0.0
2086-08-27 12:00:00,0.0
2086-08-28 12:00:00,0.0
2086-08-29 12:00:00,0.0
2086-08-30 12:00:00,0.0
2086-09-01 12:00:00,0.0
2086-09-02 12:00:00,0.0
2086-09-03 12:00:00,0.0
2086-09-04 12:00:00,0.0
2086-09-05 12:00:00,0.0
2086-09-06 12:00:00,0.0
2086-09-07 12:00:00,0.0
2086-09-08 12:00:00,0.0
2086-09-09 12:00:00,0.0
2086-09-10 12:00:00,0.0
2086-09-11 12:00:00,0.0
2086-09-12 12:00:00,0.0
2086-09-13 12:00:00,0.0
2086-09-14 12:00:00,0.0
2086-09-15 12:00:00,0.0
2086-09-16 12:00:00,0.0
2086-09-17 12:00:00,0.0
2086-09-18 12:00:00,0.0
2086-09-19 12:00:00,0.0
2086-09-20 12:00:00,0.0
2086-09-21 12:00:00,0.0
2086-09-22 12:00:00,0.0
2086-09-23 12:00:00,0.0
2086-09-24 12:00:00,1.8084532e-07
2086-09-25 12:00:00,1.8084532e-07
2086-09-26 12:00:00,1.5733543e-05
2086-09-27 12:00:00,0.0
2086-09-28 12:00:00,0.0
2086-09-29 12:00:00,0.0
2086-09-30 12:00:00,0.0
2086-10-01 12:00:00,0.0
2086-10-02 12:00:00,0.0
2086-10-03 12:00:00,1.4467626e-06
2086-10-04 12:00:00,2.7126798e-05
2086-10-05 12:00:00,0.00019495125
2086-10-06 12:00:00,6.1306564e-05
2086-10-07 12:00:00,0.0
2086-10-08 12:00:00,0.0
2086-10-09 12:00:00,0.0
2086-10-10 12:00:00,1.4738894e-05
2086-10-11 12:00:00,0.0
2086-10-12 12:00:00,2.3057779e-05
2086-10-13 12:00:00,9.946492e-07
2086-10-14 12:00:00,0.0
2086-10-15 12:00:00,0.0
2086-10-16 12:00:00,0.0
2086-10-17 12:00:00,9.042266e-08
2086-10-18 12:00:00,4.8104856e-05
2086-10-19 12:00:00,0.00025851838
2086-10-20 12:00:00,2.3329047e-05
2086-10-21 12:00:00,0.0
2086-10-22 12:00:00,0.0
2086-10-23 12:00:00,9.042266e-08
2086-10-24 12:00:00,0.0
2086-10-25 12:00:00,0.0
2086-10-26 12:00:00,1.8084532e-07
2086-10-27 12:00:00,4.276992e-05
2086-10-28 12:00:00,6.1035294e-05
2086-10-29 12:00:00,0.0
2086-10-30 12:00:00,0.0
2086-11-01 12:00:00,1.085072e-06
2086-11-02 12:00:00,9.042266e-06
2086-11-03 12:00:00,8.644406e-05
2086-11-04 12:00:00,1.8627068e-05
2086-11-05 12:00:00,4.7924008e-05
2086-11-06 12:00:00,9.0422657e-07
2086-11-07 12:00:00,7.432743e-05
2086-11-08 12:00:00,6.148741e-06
2086-11-09 12:00:00,2.170144e-06
2086-11-10 12:00:00,1.8084532e-07
2086-11-11 12:00:00,0.0
2086-11-12 12:00:00,0.0
2086-11-13 12:00:00,0.0
2086-11-14 12:00:00,0.0
2086-11-15 12:00:00,0.0
2086-11-16 12:00:00,0.0
2086-11-17 12:00:00,0.0
2086-11-18 12:00:00,0.0
2086-11-19 12:00:00,2.71268e-07
2086-11-20 12:00:00,3.7073291e-06
2086-11-21 12:00:00,2.893525e-06
2086-11-22 12:00:00,0.0
2086-11-23 12:00:00,1.9892985e-05
2086-11-24 12:00:00,0.0
2086-11-25 12:00:00,0.0
2086-11-26 12:00:00,0.00018599941
2086-11-27 12:00:00,2.143017e-05
2086-11-28 12:00:00,1.085072e-06
2086-11-29 12:00:00,0.0
2086-11-30 12:00:00,0.0
2086-12-01 12:00:00,2.170144e-06
2086-12-02 12:00:00,3.6169064e-07
2086-12-03 12:00:00,0.0
2086-12-04 12:00:00,1.8084532e-07
2086-12-05 12:00:00,3.0924548e-05
2086-12-06 12:00:00,0.00012858103
2086-12-07 12:00:00,3.1828775e-05
2086-12-08 12:00:00,5.4253596e-06
2086-12-09 12:00:00,1.8988759e-06
2086-12-10 12:00:00,1.3563399e-06
2086-12-11 12:00:00,0.0
2086-12-12 12:00:00,1.8988758e-05
2086-12-13 12:00:00,0.0
2086-12-14 12:00:00,0.0
2086-12-15 12:00:00,0.0
2086-12-16 12:00:00,3.6169064e-07
2086-12-17 12:00:00,2.3509892e-06
2086-12-18 12:00:00,2.3509892e-06
2086-12-19 12:00:00,5.42536e-07
2086-12-20 12:00:00,4.521133e-06
2086-12-21 12:00:00,0.0
2086-12-22 12:00:00,2.3962004e-05
2086-12-23 12:00:00,2.4414119e-06
2086-12-24 12:00:00,0.0
2086-12-25 12:00:00,3.6169064e-07
2086-12-26 12:00:00,0.0
2086-12-27 12:00:00,0.0
2086-12-28 12:00:00,0.0
2086-12-29 12:00:00,2.079721e-06
2086-12-30 12:00:00,0.00019694056
2087-01-01 12:00:00,5.063669e-06
2087-01-02 12:00:00,1.8988759e-06
2087-01-03 12:00:00,0.0
2087-01-04 12:00:00,0.00010877846
2087-01-05 12:00:00,3.9243434e-05
2087-01-06 12:00:00,6.5104314e-06
2087-01-07 12:00:00,3.0743704e-06
2087-01-08 12:00:00,3.6169064e-07
2087-01-09 12:00:00,3.6169063e-06
2087-01-10 12:00:00,5.42536e-07
2087-01-11 12:00:00,6.3295863e-07
2087-01-12 12:00:00,4.34933e-05
2087-01-13 12:00:00,4.8828238e-06
2087-01-14 12:00:00,3.3185115e-05
2087-01-15 12:00:00,7.5050807e-06
2087-01-16 12:00:00,1.5371852e-06
2087-01-17 12:00:00,4.4307103e-06
2087-01-18 12:00:00,0.0
2087-01-19 12:00:00,3.978597e-06
2087-01-20 12:00:00,2.6765107e-05
2087-01-21 12:00:00,3.2552157e-06
2087-01-22 12:00:00,9.7656475e-06
2087-01-23 12:00:00,4.3945412e-05
2087-01-24 12:00:00,9.042266e-06
2087-01-25 12:00:00,1.8084532e-07
2087-01-26 12:00:00,1.2659173e-06
2087-01-27 12:00:00,0.0
2087-01-28 12:00:00,3.6169064e-07
2087-01-29 12:00:00,2.3509892e-06
2087-01-30 12:00:00,0.0
2087-02-01 12:00:00,0.0
2087-02-02 12:00:00,0.0
2087-02-03 12:00:00,0.0
2087-02-04 12:00:00,0.0
2087-02-05 12:00:00,0.0
2087-02-06 12:00:00,9.042266e-08
2087-02-07 12:00:00,2.5227922e-05
2087-02-08 12:00:00,0.00013472977
2087-02-09 12:00:00,0.0001101348
2087-02-10 12:00:00,0.0
2087-02-11 12:00:00,6.3295863e-07
2087-02-12 12:00:00,0.0
2087-02-13 12:00:00,0.0
2087-02-14 12:00:00,8.6263215e-05
2087-02-15 12:00:00,0.00011863453
2087-02-16 12:00:00,1.8084532e-07
2087-02-17 12:00:00,0.0
2087-02-18 12:00:00,8.463561e-05
2087-02-19 12:00:00,8.138039e-07
2087-02-20 12:00:00,4.991331e-05
2087-02-21 12:00:00,0.00017885602
2087-02-22 12:00:00,0.00014539964
2087-02-23 12:00:00,0.00026584262
2087-02-24 12:00:00,0.00011935791
2087-02-25 12:00:00,0.00016574473
2087-02-26 12:00:00,2.8031025e-06
2087-02-27 12:00:00,1.3563399e-06
2087-02-28 12:00:00,1.8084532e-07
2087-02-29 12:00:00,0.0
2087-02-30 12:00:00,0.0
2087-03-01 12:00:00,3.0743704e-06
2087-03-02 12:00:00,0.0
2087-03-03 12:00:00,2.4323695e-05
2087-03-04 12:00:00,4.5211328e-07
2087-03-05 12:00:00,0.00016583515
2087-03-06 12:00:00,7.396573e-05
2087-03-07 12:00:00,0.0
2087-03-08 12:00:00,0.0
2087-03-09 12:00:00,0.0
2087-03-10 12:00:00,3.4903147e-05
2087-03-11 12:00:00,1.0398606e-05
2087-03-12 12:00:00,0.00018491434
2087-03-13 12:00:00,0.000115288894
2087-03-14 12:00:00,0.00030951676
2087-03-15 12:00:00,0.00014648472
2087-03-16 12:00:00,0.0
2087-03-17 12:00:00,8.78004e-05
2087-03-18 12:00:00,8.174209e-05
2087-03-19 12:00:00,6.66415e-05
2087-03-20 12:00:00,8.2375045e-05
2087-03-21 12:00:00,9.024182e-05
2087-03-22 12:00:00,0.00011709734
2087-03-23 12:00:00,1.4377203e-05
2087-03-24 12:00:00,1.7180305e-06
2087-03-25 12:00:00,1.1935791e-05
2087-03-26 12:00:00,1.8084532e-07
2087-03-27 12:00:00,0.00014937823
2087-03-28 12:00:00,1.9712139e-05
2087-03-29 12:00:00,0.0
2087-03-30 12:00:00,0.0
2087-04-01 12:00:00,0.0
2087-04-02 12:00:00,6.58277e-05
2087-04-03 12:00:00,0.00024287526
2087-04-04 12:00:00,0.00011103903
2087-04-05 12:00:00,0.00010805508
2087-04-06 12:00:00,6.3747975e-05
2087-04-07 12:00:00,4.7743164e-05
2087-04-08 12:00:00,1.3563399e-05
2087-04-09 12:00:00,5.4615288e-05
2087-04-10 12:00:00,9.946492e-07
2087-04-11 12:00:00,1.7180305e-06
2087-04-12 12:00:00,0.0
2087-04-13 12:00:00,0.0
2087-04-14 12:00:00,0.0
2087-04-15 12:00:00,0.0
2087-04-16 12:00:00,0.0
2087-04-17 12:00:00,0.0
2087-04-18 12:00:00,9.042266e-08
2087-04-19 12:00:00,0.0
2087-04-20 12:00:00,9.042266e-08
2087-04-21 12:00:00,0.0
2087-04-22 12:00:00,0.0
2087-04-23 12:00:00,0.0
2087-04-24 12:00:00,0.0
2087-04-25 12:00:00,0.0
2087-04-26 12:00:00,0.0
2087-04-27 12:00:00,0.0
2087-04-28 12:00:00,0.0
2087-04-29 12:00:00,0.0
2087-04-30 12:00:00,0.0
2087-05-01 12:00:00,0.0
2087-05-02 12:00:00,0.0
2087-05-03 12:00:00,0.0
2087-05-04 12:00:00,0.0
2087-05-05 12:00:00,0.0
2087-05-06 12:00:00,1.6276078e-06
2087-05-07 12:00:00,0.0
2087-05-08 12:00:00,0.0
2087-05-09 12:00:00,0.0
2087-05-10 12:00:00,4.249865e-06
2087-05-11 12:00:00,1.1935791e-05
2087-05-12 12:00:00,6.9263755e-05
2087-05-13 12:00:00,9.0422657e-07
2087-05-14 12:00:00,0.0
2087-05-15 12:00:00,9.042266e-08
2087-05-16 12:00:00,9.0422657e-07
2087-05-17 12:00:00,0.0
2087-05-18 12:00:00,3.6169064e-07
2087-05-19 12:00:00,8.138039e-07
2087-05-20 12:00:00,0.0
2087-05-21 12:00:00,0.0
2087-05-22 12:00:00,0.0
2087-05-23 12:00:00,0.0
2087-05-24 12:00:00,0.0
2087-05-25 12:00:00,0.0
2087-05-26 12:00:00,0.0
2087-05-27 12:00:00,0.0
2087-05-28 12:00:00,0.0
2087-05-29 12:00:00,0.0
2087-05-30 12:00:00,0.0
2087-06-01 12:00:00,0.0
2087-06-02 12:00:00,0.0
2087-06-03 12:00:00,2.721722e-05
2087-06-04 12:00:00,9.0422657e-07
2087-06-05 12:00:00,2.2605666e-06
2087-06-06 12:00:00,0.0
2087-06-07 12:00:00,0.0
2087-06-08 12:00:00,0.0
2087-06-09 12:00:00,0.0
2087-06-10 12:00:00,0.0
2087-06-11 12:00:00,0.0
2087-06-12 12:00:00,0.0
2087-06-13 12:00:00,0.0
2087-06-14 12:00:00,3.7977518e-06
2087-06-15 12:00:00,5.2987678e-05
2087-06-16 12:00:00,0.00015028246
2087-06-17 12:00:00,3.1828775e-05
2087-06-18 12:00:00,5.78705e-06
2087-06-19 12:00:00,3.8339207e-05
2087-06-20 12:00:00,3.0653282e-05
2087-06-21 12:00:00,0.0
2087-06-22 12:00:00,0.0
2087-06-23 12:00:00,0.0
2087-06-24 12:00:00,0.0
2087-06-25 12:00:00,0.0
2087-06-26 12:00:00,0.0
2087-06-27 12:00:00,0.0
2087-06-28 12:00:00,0.0
2087-06-29 12:00:00,3.3456383e-06
2087-06-30 12:00:00,2.71268e-07
2087-07-01 12:00:00,1.1664523e-05
2087-07-02 12:00:00,2.079721e-06
2087-07-03 12:00:00,9.042266e-08
2087-07-04 12:00:00,0.0
2087-07-05 12:00:00,0.0
2087-07-06 12:00:00,0.0
2087-07-07 12:00:00,0.0
2087-07-08 12:00:00,0.0
2087-07-09 12:00:00,0.0
2087-07-10 12:00:00,0.0
2087-07-11 12:00:00,0.0
2087-07-12 12:00:00,0.0
2087-07-13 12:00:00,0.0
2087-07-14 12:00:00,0.0
2087-07-15 12:00:00,9.042266e-08
2087-07-16 12:00:00,0.0
2087-07-17 12:00:00,0.0
2087-07-18 12:00:00,0.0
2087-07-19 12:00:00,0.0
2087-07-20 12:00:00,0.0
2087-07-21 12:00:00,0.0
2087-07-22 12:00:00,0.0
2087-07-23 12:00:00,0.0
2087-07-24 12:00:00,0.0
2087-07-25 12:00:00,0.0
2087-07-26 12:00:00,0.0
2087-07-27 12:00:00,0.0
2087-07-28 12:00:00,0.0
2087-07-29 12:00:00,0.0
2087-07-30 12:00:00,0.0
2087-08-01 12:00:00,0.0
2087-08-02 12:00:00,0.0
2087-08-03 12:00:00,0.0
2087-08-04 12:00:00,0.0
2087-08-05 12:00:00,0.0
2087-08-06 12:00:00,0.0
2087-08-07 12:00:00,0.0
2087-08-08 12:00:00,0.0
2087-08-09 12:00:00,0.0
2087-08-10 12:00:00,0.0
2087-08-11 12:00:00,0.0
2087-08-12 12:00:00,0.0
2087-08-13 12:00:00,0.0
2087-08-14 12:00:00,0.0
2087-08-15 12:00:00,0.0
2087-08-16 12:00:00,0.0
2087-08-17 12:00:00,0.0
2087-08-18 12:00:00,0.0
2087-08-19 12:00:00,0.0
2087-08-20 12:00:00,0.0
2087-08-21 12:00:00,0.0
2087-08-22 12:00:00,0.0
2087-08-23 12:00:00,0.0
2087-08-24 12:00:00,0.0
2087-08-25 12:00:00,0.0
2087-08-26 12:00:00,0.0
2087-08-27 12:00:00,0.0
2087-08-28 12:00:00,0.0
2087-08-29 12:00:00,0.0
2087-08-30 12:00:00,0.0
2087-09-01 12:00:00,0.0
2087-09-02 12:00:00,0.0
2087-09-03 12:00:00,0.0
2087-09-04 12:00:00,0.0
2087-09-05 12:00:00,0.0
2087-09-06 12:00:00,0.0
2087-09-07 12:00:00,0.0
2087-09-08 12:00:00,0.0
2087-09-09 12:00:00,0.0
2087-09-10 12:00:00,0.0
2087-09-11 12:00:00,0.0
2087-09-12 12:00:00,0.0
2087-09-13 12:00:00,0.0
2087-09-14 12:00:00,0.0
2087-09-15 12:00:00,0.0
2087-09-16 12:00:00,0.0
2087-09-17 12:00:00,0.0
2087-09-18 12:00:00,0.0
2087-09-19 12:00:00,0.0
2087-09-20 12:00:00,0.0
2087-09-21 12:00:00,0.0
2087-09-22 12:00:00,5.42536e-07
2087-09-23 12:00:00,9.042266e-08
2087-09-24 12:00:00,6.4019245e-05
2087-09-25 12:00:00,5.063669e-06
2087-09-26 12:00:00,2.079721e-06
2087-09-27 12:00:00,0.0
2087-09-28 12:00:00,0.0
2087-09-29 12:00:00,2.4233274e-05
2087-09-30 12:00:00,0.0
2087-10-01 12:00:00,0.0
2087-10-02 12:00:00,0.0
2087-10-03 12:00:00,0.0
2087-10-04 12:00:00,1.4467626e-06
2087-10-05 12:00:00,0.0
2087-10-06 12:00:00,0.0
2087-10-07 12:00:00,9.042266e-08
2087-10-08 12:00:00,0.0
2087-10-09 12:00:00,0.0
2087-10-10 12:00:00,0.0
2087-10-11 12:00:00,0.0
2087-10-12 12:00:00,0.0
2087-10-13 12:00:00,3.2100044e-05
2087-10-14 12:00:00,0.0
2087-10-15 12:00:00,0.0
2087-10-16 12:00:00,0.0
2087-10-17 12:00:00,2.5589612e-05
2087-10-18 12:00:00,2.2696087e-05
2087-10-19 12:00:00,8.119955e-05
2087-10-20 12:00:00,0.000111762405
2087-10-21 12:00:00,7.2338125e-06
2087-10-22 12:00:00,7.233813e-05
2087-10-23 12:00:00,0.00022949271
2087-10-24 12:00:00,6.5466e-05
2087-10-25 12:00:00,2.3509892e-06
2087-10-26 12:00:00,1.8446222e-05
2087-10-27 12:00:00,3.978597e-06
2087-10-28 12:00:00,5.4253596e-06
2087-10-29 12:00:00,5.714712e-05
2087-10-30 12:00:00,0.00015254303
2087-11-01 12:00:00,8.3460116e-05
2087-11-02 12:00:00,6.392882e-05
2087-11-03 12:00:00,0.00020173295
2087-11-04 12:00:00,1.8898336e-05
2087-11-05 12:00:00,8.49973e-06
2087-11-06 12:00:00,1.15741e-05
2087-11-07 12:00:00,9.403957e-06
2087-11-08 12:00:00,0.0002965863
2087-11-09 12:00:00,0.000148474
2087-11-10 12:00:00,2.7488488e-05
2087-11-11 12:00:00,2.3509892e-06
2087-11-12 12:00:00,9.042266e-08
2087-11-13 12:00:00,7.233813e-07
2087-11-14 12:00:00,4.5211328e-07
2087-11-15 12:00:00,9.042266e-08
2087-11-16 12:00:00,0.0
2087-11-17 12:00:00,0.0
2087-11-18 12:00:00,3.7977518e-06
2087-11-19 12:00:00,0.0
2087-11-20 12:00:00,1.8084532e-07
2087-11-21 12:00:00,4.82857e-05
2087-11-22 12:00:00,0.00014359118
2087-11-23 12:00:00,0.00015914388
2087-11-24 12:00:00,0.00033573934
2087-11-25 12:00:00,8.2103776e-05
2087-11-26 12:00:00,3.2552158e-05
2087-11-27 12:00:00,1.4467626e-06
2087-11-28 12:00:00,1.9892984e-06
2087-11-29 12:00:00,2.71268e-07
2087-11-30 12:00:00,1.8084532e-07
2087-12-01 12:00:00,5.42536e-07
2087-12-02 12:00:00,0.0
2087-12-03 12:00:00,0.0
2087-12-04 12:00:00,0.0
2087-12-05 12:00:00,0.0
2087-12-06 12:00:00,1.2659173e-06
2087-12-07 12:00:00,0.0
2087-12-08 12:00:00,0.0
2087-12-09 12:00:00,1.2659172e-05
2087-12-10 12:00:00,0.00025670993
2087-12-11 12:00:00,0.00017704756
2087-12-12 12:00:00,3.526484e-05
2087-12-13 12:00:00,4.0599774e-05
2087-12-14 12:00:00,0.00010018831
2087-12-15 12:00:00,0.00015136754
2087-12-16 12:00:00,0.00019983407
2087-12-17 12:00:00,0.00011854411
2087-12-18 12:00:00,6.519474e-05
2087-12-19 12:00:00,3.1467087e-05
2087-12-20 12:00:00,4.4307103e-06
2087-12-21 12:00:00,1.2116637e-05
2087-12-22 12:00:00,7.3694464e-05
2087-12-23 12:00:00,8.318884e-06
2087-12-24 12:00:00,0.0
2087-12-25 12:00:00,0.0
2087-12-26 12:00:00,1.8084532e-07
2087-12-27 12:00:00,0.0
2087-12-28 12:00:00,0.0
2087-12-29 12:00:00,4.0961466e-05
2087-12-30 12:00:00,0.0002553536
2088-01-01 12:00:00,3.6169064e-07
2088-01-02 12:00:00,0.0
2088-01-03 12:00:00,2.9025674e-05
2088-01-04 12:00:00,1.5823965e-05
2088-01-05 12:00:00,1.6276078e-06
2088-01-06 12:00:00,1.8084532e-07
2088-01-07 12:00:00,3.3365963e-05
2088-01-08 12:00:00,4.5663444e-05
2088-01-09 12:00:00,0.00040880084
2088-01-10 12:00:00,3.6169064e-07
2088-01-11 12:00:00,0.0
2088-01-12 12:00:00,2.71268e-07
2088-01-13 12:00:00,0.00015299514
2088-01-14 12:00:00,8.138039e-07
2088-01-15 12:00:00,0.0
2088-01-16 12:00:00,3.5174413e-05
2088-01-17 12:00:00,0.0
2088-01-18 12:00:00,0.0
2088-01-19 12:00:00,0.0
2088-01-20 12:00:00,2.71268e-07
2088-01-21 12:00:00,6.3295863e-07
2088-01-22 12:00:00,4.5211328e-07
2088-01-23 12:00:00,0.0
2088-01-24 12:00:00,0.0
2088-01-25 12:00:00,1.8084532e-07
2088-01-26 12:00:00,0.00014223484
2088-01-27 12:00:00,9.042266e-08
2088-01-28 12:00:00,0.0001915152
2088-01-29 12:00:00,3.6169064e-07
2088-01-30 12:00:00,3.363723e-05
2088-02-01 12:00:00,3.499357e-05
2088-02-02 12:00:00,0.0
2088-02-03 12:00:00,0.0
2088-02-04 12:00:00,9.042266e-08
2088-02-05 12:00:00,0.0
2088-02-06 12:00:00,1.8084532e-07
2088-02-07 12:00:00,2.170144e-06
2088-02-08 12:00:00,0.0
2088-02-09 12:00:00,0.0
2088-02-10 12:00:00,2.3509892e-06
2088-02-11 12:00:00,1.7180306e-05
2088-02-12 12:00:00,5.42536e-07
2088-02-13 12:00:00,0.0
2088-02-14 12:00:00,1.121241e-05
2088-02-15 12:00:00,1.2659173e-06
2088-02-16 12:00:00,7.233813e-07
2088-02-17 12:00:00,1.8084532e-07
2088-02-18 12:00:00,4.6838937e-05
2088-02-19 12:00:00,8.138039e-06
2088-02-20 12:00:00,6.221079e-05
2088-02-21 12:00:00,8.3008e-05
2088-02-22 12:00:00,1.9531295e-05
2088-02-23 12:00:00,0.0
2088-02-24 12:00:00,0.0
2088-02-25 12:00:00,0.0
2088-02-26 12:00:00,0.0
2088-02-27 12:00:00,0.0
2088-02-28 12:00:00,0.0
2088-02-29 12:00:00,1.2659172e-05
2088-02-30 12:00:00,0.00010841677
2088-03-01 12:00:00,6.38384e-05
2088-03-02 12:00:00,9.042266e-08
2088-03-03 12:00:00,1.7903687e-05
2088-03-04 12:00:00,0.00013274046
2088-03-05 12:00:00,3.300427e-05
2088-03-06 12:00:00,1.4648471e-05
2088-03-07 12:00:00,1.1393255e-05
2088-03-08 12:00:00,2.8031025e-06
2088-03-09 12:00:00,4.014766e-05
2088-03-10 12:00:00,6.257248e-05
2088-03-11 12:00:00,3.0472436e-05
2088-03-12 12:00:00,7.731137e-05
2088-03-13 12:00:00,9.042266e-08
2088-03-14 12:00:00,0.0
2088-03-15 12:00:00,0.0
2088-03-16 12:00:00,0.0
2088-03-17 12:00:00,0.0
2088-03-18 12:00:00,0.0
2088-03-19 12:00:00,0.0
2088-03-20 12:00:00,0.0
2088-03-21 12:00:00,0.0
2088-03-22 12:00:00,0.0
2088-03-23 12:00:00,0.0
2088-03-24 12:00:00,0.0
2088-03-25 12:00:00,0.0
2088-03-26 12:00:00,0.0
2088-03-27 12:00:00,0.0
2088-03-28 12:00:00,0.0
2088-03-29 12:00:00,0.0
2088-03-30 12:00:00,0.0
2088-04-01 12:00:00,5.099838e-05
2088-04-02 12:00:00,9.042266e-08
2088-04-03 12:00:00,0.0
2088-04-04 12:00:00,0.0
2088-04-05 12:00:00,0.0
2088-04-06 12:00:00,0.0
2088-04-07 12:00:00,0.0
2088-04-08 12:00:00,0.0
2088-04-09 12:00:00,1.8084532e-07
2088-04-10 12:00:00,2.71268e-07
2088-04-11 12:00:00,0.0
2088-04-12 12:00:00,1.4467626e-06
2088-04-13 12:00:00,0.0
2088-04-14 12:00:00,0.0
2088-04-15 12:00:00,0.0
2088-04-16 12:00:00,0.0
2088-04-17 12:00:00,0.0
2088-04-18 12:00:00,0.0
2088-04-19 12:00:00,0.0
2088-04-20 12:00:00,0.0
2088-04-21 12:00:00,0.0
2088-04-22 12:00:00,0.0
2088-04-23 12:00:00,0.0
2088-04-24 12:00:00,1.6276078e-06
2088-04-25 12:00:00,0.0
2088-04-26 12:00:00,0.0
2088-04-27 12:00:00,0.0
2088-04-28 12:00:00,0.0
2088-04-29 12:00:00,0.0
2088-04-30 12:00:00,0.0
2088-05-01 12:00:00,8.7348286e-05
2088-05-02 12:00:00,4.9551618e-05
2088-05-03 12:00:00,2.2243974e-05
2088-05-04 12:00:00,2.3509892e-06
2088-05-05 12:00:00,7.233813e-07
2088-05-06 12:00:00,5.42536e-07
2088-05-07 12:00:00,1.8084532e-07
2088-05-08 12:00:00,0.0
2088-05-09 12:00:00,7.5050807e-06
2088-05-10 12:00:00,8.138039e-07
2088-05-11 12:00:00,2.1701439e-05
2088-05-12 12:00:00,0.00021620058
2088-05-13 12:00:00,9.675225e-06
2088-05-14 12:00:00,9.042266e-08
2088-05-15 12:00:00,1.8084531e-06
2088-05-16 12:00:00,0.0
2088-05-17 12:00:00,0.0
2088-05-18 12:00:00,0.0
2088-05-19 12:00:00,2.71268e-07
2088-05-20 12:00:00,2.079721e-06
2088-05-21 12:00:00,4.4307103e-06
2088-05-22 12:00:00,4.3402877e-05
2088-05-23 12:00:00,1.8084532e-07
2088-05-24 12:00:00,0.0
2088-05-25 12:00:00,2.6584263e-05
2088-05-26 12:00:00,0.0
2088-05-27 12:00:00,0.0
2088-05-28 12:00:00,9.584802e-06
2088-05-29 12:00:00,0.0
2088-05-30 12:00:00,0.0
2088-06-01 12:00:00,0.0
2088-06-02 12:00:00,0.0
2088-06-03 12:00:00,0.0
2088-06-04 12:00:00,0.0
2088-06-05 12:00:00,0.0
2088-06-06 12:00:00,0.0
2088-06-07 12:00:00,0.0
2088-06-08 12:00:00,0.0
2088-06-09 12:00:00,0.0
2088-06-10 12:00:00,1.0760296e-05
2088-06-11 12:00:00,2.070679e-05
2088-06-12 12:00:00,9.042266e-08
2088-06-13 12:00:00,0.0
2088-06-14 12:00:00,0.0
2088-06-15 12:00:00,0.0
2088-06-16 12:00:00,1.1302833e-05
2088-06-17 12:00:00,1.8084532e-07
2088-06-18 12:00:00,7.233813e-07
2088-06-19 12:00:00,0.0
2088-06-20 12:00:00,0.0
2088-06-21 12:00:00,0.0
2088-06-22 12:00:00,0.0
2088-06-23 12:00:00,0.0
2088-06-24 12:00:00,0.0
2088-06-25 12:00:00,0.0
2088-06-26 12:00:00,3.6169064e-07
2088-06-27 12:00:00,0.0
2088-06-28 12:00:00,0.0
2088-06-29 12:00:00,0.0
2088-06-30 12:00:00,0.0
2088-07-01 12:00:00,0.0
2088-07-02 12:00:00,0.0
2088-07-03 12:00:00,0.0
2088-07-04 12:00:00,0.0
2088-07-05 12:00:00,0.0
2088-07-06 12:00:00,0.0
2088-07-07 12:00:00,0.0
2088-07-08 12:00:00,0.0
2088-07-09 12:00:00,0.0
2088-07-10 12:00:00,0.0
2088-07-11 12:00:00,0.0
2088-07-12 12:00:00,0.0
2088-07-13 12:00:00,0.0
2088-07-14 12:00:00,0.0
2088-07-15 12:00:00,0.0
2088-07-16 12:00:00,0.0
2088-07-17 12:00:00,0.0
2088-07-18 12:00:00,0.0
2088-07-19 12:00:00,0.0
2088-07-20 12:00:00,0.0
2088-07-21 12:00:00,0.0
2088-07-22 12:00:00,0.0
2088-07-23 12:00:00,0.0
2088-07-24 12:00:00,0.0
2088-07-25 12:00:00,0.0
2088-07-26 12:00:00,0.0
2088-07-27 12:00:00,0.0
2088-07-28 12:00:00,0.0
2088-07-29 12:00:00,0.0
2088-07-30 12:00:00,0.0
2088-08-01 12:00:00,0.0
2088-08-02 12:00:00,0.0
2088-08-03 12:00:00,0.0
2088-08-04 12:00:00,0.0
2088-08-05 12:00:00,0.0
2088-08-06 12:00:00,0.0
2088-08-07 12:00:00,0.0
2088-08-08 12:00:00,4.5211328e-07
2088-08-09 12:00:00,0.0
2088-08-10 12:00:00,0.0
2088-08-11 12:00:00,0.0
2088-08-12 12:00:00,0.0
2088-08-13 12:00:00,0.0
2088-08-14 12:00:00,0.0
2088-08-15 12:00:00,0.0
2088-08-16 12:00:00,0.0
2088-08-17 12:00:00,0.0
2088-08-18 12:00:00,0.0
2088-08-19 12:00:00,0.0
2088-08-20 12:00:00,0.0
2088-08-21 12:00:00,0.0
2088-08-22 12:00:00,0.0
2088-08-23 12:00:00,9.042266e-08
2088-08-24 12:00:00,0.0
2088-08-25 12:00:00,1.1121987e-05
2088-08-26 12:00:00,4.6477246e-05
2088-08-27 12:00:00,0.0
2088-08-28 12:00:00,2.2605665e-05
2088-08-29 12:00:00,1.0489029e-05
2088-08-30 12:00:00,1.9892984e-06
2088-09-01 12:00:00,0.00024314653
2088-09-02 12:00:00,4.249865e-06
2088-09-03 12:00:00,7.5050807e-06
2088-09-04 12:00:00,9.042266e-08
2088-09-05 12:00:00,3.6169063e-06
2088-09-06 12:00:00,0.0
2088-09-07 12:00:00,0.0
2088-09-08 12:00:00,0.0
2088-09-09 12:00:00,0.0
2088-09-10 12:00:00,0.0
2088-09-11 12:00:00,0.0
2088-09-12 12:00:00,0.0
2088-09-13 12:00:00,0.0
2088-09-14 12:00:00,0.0
2088-09-15 12:00:00,0.0
2088-09-16 12:00:00,9.0422657e-07
2088-09-17 12:00:00,5.42536e-07
2088-09-18 12:00:00,2.170144e-06
2088-09-19 12:00:00,0.0
2088-09-20 12:00:00,0.0
2088-09-21 12:00:00,0.0
2088-09-22 12:00:00,1.5191007e-05
2088-09-23 12:00:00,0.0
2088-09-24 12:00:00,2.3871582e-05
2088-09-25 12:00:00,0.0
2088-09-26 12:00:00,7.233813e-07
2088-09-27 12:00:00,2.71268e-07
2088-09-28 12:00:00,0.0
2088-09-29 12:00:00,0.0
2088-09-30 12:00:00,8.282716e-05
2088-10-01 12:00:00,0.00010000746
2088-10-02 12:00:00,0.000106517895
2088-10-03 12:00:00,1.8084532e-07
2088-10-04 12:00:00,0.00022406735
2088-10-05 12:00:00,0.0
2088-10-06 12:00:00,2.5318344e-05
2088-10-07 12:00:00,4.7381473e-05
2088-10-08 12:00:00,0.0
2088-10-09 12:00:00,2.71268e-07
2088-10-10 12:00:00,0.0
2088-10-11 12:00:00,1.085072e-06
2088-10-12 12:00:00,3.0743704e-06
2088-10-13 12:00:00,1.5371852e-06
2088-10-14 12:00:00,6.420009e-06
2088-10-15 12:00:00,7.043925e-05
2088-10-16 12:00:00,7.179559e-05
2088-10-17 12:00:00,0.0
2088-10-18 12:00:00,0.00028880997
2088-10-19 12:00:00,0.00021014226
2088-10-20 12:00:00,0.00037480192
2088-10-21 12:00:00,0.00022723214
2088-10-22 12:00:00,1.0941142e-05
2088-10-23 12:00:00,1.5371852e-06
2088-10-24 12:00:00,2.71268e-07
2088-10-25 12:00:00,4.1323154e-05
2088-10-26 12:00:00,0.00031892073
2088-10-27 12:00:00,7.731137e-05
2088-10-28 12:00:00,0.0
2088-10-29 12:00:00,7.1162634e-05
2088-10-30 12:00:00,2.7126798e-05
2088-11-01 12:00:00,0.0
2088-11-02 12:00:00,0.0
2088-11-03 12:00:00,0.0
2088-11-04 12:00:00,0.0
2088-11-05 12:00:00,0.0
2088-11-06 12:00:00,0.0
2088-11-07 12:00:00,9.042267e-07
2088-11-08 12:00:00,1.5371852e-06
2088-11-09 12:00:00,1.0127338e-05
2088-11-10 12:00:00,5.850346e-05
2088-11-11 12:00:00,5.9317266e-05
2088-11-12 12:00:00,4.6838937e-05
2088-11-13 12:00:00,0.0
2088-11-14 12:00:00,0.0
2088-11-15 12:00:00,0.0
2088-11-16 12:00:00,0.0
2088-11-17 12:00:00,1.1935791e-05
2088-11-18 12:00:00,2.893525e-06
2088-11-19 12:00:00,2.8031025e-06
2088-11-20 12:00:00,1.8084532e-07
2088-11-21 12:00:00,0.0
2088-11-22 12:00:00,8.9518435e-06
2088-11-23 12:00:00,3.264258e-05
2088-11-24 12:00:00,0.00015968642
2088-11-25 12:00:00,2.3509892e-06
2088-11-26 12:00:00,6.727446e-05
2088-11-27 12:00:00,0.0
2088-11-28 12:00:00,1.9892984e-06
2088-11-29 12:00:00,3.6169064e-07
2088-11-30 12:00:00,0.0
2088-12-01 12:00:00,8.138039e-07
2088-12-02 12:00:00,1.1754946e-06
2088-12-03 12:00:00,9.0422657e-07
2088-12-04 12:00:00,1.2659173e-06
2088-12-05 12:00:00,0.0
2088-12-06 12:00:00,0.0
2088-12-07 12:00:00,5.42536e-07
2088-12-08 12:00:00,0.0
2088-12-09 12:00:00,0.0
2088-12-10 12:00:00,0.0
2088-12-11 12:00:00,0.0
2088-12-12 12:00:00,1.8084532e-07
2088-12-13 12:00:00,0.0
2088-12-14 12:00:00,0.0
2088-12-15 12:00:00,0.0
2088-12-16 12:00:00,2.71268e-07
2088-12-17 12:00:00,3.427019e-05
2088-12-18 12:00:00,7.5955036e-06
2088-12-19 12:00:00,0.0
2088-12-20 12:00:00,0.0
2088-12-21 12:00:00,8.138039e-07
2088-12-22 12:00:00,2.5318345e-06
2088-12-23 12:00:00,0.0
2088-12-24 12:00:00,8.138039e-07
2088-12-25 12:00:00,2.71268e-07
2088-12-26 12:00:00,2.3329047e-05
2088-12-27 12:00:00,0.00020797212
2088-12-28 12:00:00,7.4237e-05
2088-12-29 12:00:00,0.0
2088-12-30 12:00:00,0.0
2089-01-01 12:00:00,4.1594423e-05
2089-01-02 12:00:00,0.00013581483
2089-01-03 12:00:00,6.709361e-05
2089-01-04 12:00:00,3.436061e-06
2089-01-05 12:00:00,0.0
2089-01-06 12:00:00,0.0
2089-01-07 12:00:00,4.5211328e-07
2089-01-08 12:00:00,8.138039e-07
2089-01-09 12:00:00,5.42536e-07
2089-01-10 12:00:00,0.0
2089-01-11 12:00:00,0.0
2089-01-12 12:00:00,0.0
2089-01-13 12:00:00,9.042266e-08
2089-01-14 12:00:00,6.6008542e-06
2089-01-15 12:00:00,7.233813e-07
2089-01-16 12:00:00,0.00014594218
2089-01-17 12:00:00,0.0
2089-01-18 12:00:00,0.0
2089-01-19 12:00:00,7.233813e-07
2089-01-20 12:00:00,9.0422657e-07
2089-01-21 12:00:00,3.6169063e-06
2089-01-22 12:00:00,0.0
2089-01-23 12:00:00,9.042266e-08
2089-01-24 12:00:00,0.0
2089-01-25 12:00:00,0.0
2089-01-26 12:00:00,0.0
2089-01-27 12:00:00,0.0
2089-01-28 12:00:00,1.9892984e-06
2089-01-29 12:00:00,1.5371852e-06
2089-01-30 12:00:00,0.00025752373
2089-02-01 12:00:00,6.6912767e-06
2089-02-02 12:00:00,2.3509892e-06
2089-02-03 12:00:00,0.00029116098
2089-02-04 12:00:00,1.8988759e-06
2089-02-05 12:00:00,9.0422657e-07
2089-02-06 12:00:00,0.0
2089-02-07 12:00:00,0.00012297482
2089-02-08 12:00:00,2.1701439e-05
2089-02-09 12:00:00,9.042266e-08
2089-02-10 12:00:00,1.2659173e-06
2089-02-11 12:00:00,3.806794e-05
2089-02-12 12:00:00,8.997055e-05
2089-02-13 12:00:00,5.42536e-07
2089-02-14 12:00:00,5.1540915e-06
2089-02-15 12:00:00,2.3419469e-05
2089-02-16 12:00:00,0.0
2089-02-17 12:00:00,0.0
2089-02-18 12:00:00,0.0
2089-02-19 12:00:00,0.0
2089-02-20 12:00:00,0.00016493093
2089-02-21 12:00:00,2.7126798e-06
2089-02-22 12:00:00,2.378116e-05
2089-02-23 12:00:00,9.8560695e-06
2089-02-24 12:00:00,1.8084532e-07
2089-02-25 12:00:00,0.0
2089-02-26 12:00:00,0.0
2089-02-27 12:00:00,0.0
2089-02-28 12:00:00,0.0
2089-02-29 12:00:00,0.0
2089-02-30 12:00:00,0.0
2089-03-01 12:00:00,0.0
2089-03-02 12:00:00,0.0
2089-03-03 12:00:00,0.0
2089-03-04 12:00:00,0.0
2089-03-05 12:00:00,9.042266e-08
2089-03-06 12:00:00,0.0001033531
2089-03-07 12:00:00,3.978597e-06
2089-03-08 12:00:00,7.134348e-05
2089-03-09 12:00:00,1.1031564e-05
2089-03-10 12:00:00,3.7073291e-06
2089-03-11 12:00:00,7.297109e-05
2089-03-12 12:00:00,7.5050807e-06
2089-03-13 12:00:00,2.3509892e-06
2089-03-14 12:00:00,0.0
2089-03-15 12:00:00,3.300427e-05
2089-03-16 12:00:00,0.00013373511
2089-03-17 12:00:00,0.0
2089-03-18 12:00:00,0.0
2089-03-19 12:00:00,0.0
2089-03-20 12:00:00,1.8084532e-07
2089-03-21 12:00:00,0.0
2089-03-22 12:00:00,2.6041726e-05
2089-03-23 12:00:00,3.6169064e-07
2089-03-24 12:00:00,9.584802e-06
2089-03-25 12:00:00,0.0
2089-03-26 12:00:00,3.906259e-05
2089-03-27 12:00:00,2.007383e-05
2089-03-28 12:00:00,0.0
2089-03-29 12:00:00,1.1935791e-05
2089-03-30 12:00:00,9.403957e-06
2089-04-01 12:00:00,3.662118e-05
2089-04-02 12:00:00,3.879132e-05
2089-04-03 12:00:00,4.557302e-05
2089-04-04 12:00:00,6.6912767e-06
2089-04-05 12:00:00,0.0
2089-04-06 12:00:00,4.8466547e-05
2089-04-07 12:00:00,8.3550534e-05
2089-04-08 12:00:00,1.121241e-05
2089-04-09 12:00:00,0.0
2089-04-10 12:00:00,0.0
2089-04-11 12:00:00,4.340288e-06
2089-04-12 12:00:00,3.9605125e-05
2089-04-13 12:00:00,1.5914387e-05
2089-04-14 12:00:00,7.685926e-06
2089-04-15 12:00:00,1.8084532e-07
2089-04-16 12:00:00,9.042266e-08
2089-04-17 12:00:00,0.0
2089-04-18 12:00:00,0.0
2089-04-19 12:00:00,0.0
2089-04-20 12:00:00,0.0
2089-04-21 12:00:00,0.0
2089-04-22 12:00:00,2.8031025e-06
2089-04-23 12:00:00,5.2445143e-06
2089-04-24 12:00:00,9.042266e-08
2089-04-25 12:00:00,0.0
2089-04-26 12:00:00,0.0
2089-04-27 12:00:00,0.0
2089-04-28 12:00:00,0.0
2089-04-29 12:00:00,0.0
2089-04-30 12:00:00,0.0
2089-05-01 12:00:00,0.0
2089-05-02 12:00:00,1.8084532e-07
2089-05-03 12:00:00,3.6169064e-07
2089-05-04 12:00:00,0.0
2089-05-05 12:00:00,0.0
2089-05-06 12:00:00,0.0
2089-05-07 12:00:00,0.0
2089-05-08 12:00:00,0.0
2089-05-09 12:00:00,0.0
2089-05-10 12:00:00,9.042266e-08
2089-05-11 12:00:00,0.0
2089-05-12 12:00:00,1.428678e-05
2089-05-13 12:00:00,1.2840018e-05
2089-05-14 12:00:00,0.0
2089-05-15 12:00:00,0.0
2089-05-16 12:00:00,0.0
2089-05-17 12:00:00,0.0
2089-05-18 12:00:00,0.0
2089-05-19 12:00:00,0.0
2089-05-20 12:00:00,1.1754946e-05
2089-05-21 12:00:00,8.138039e-06
2089-05-22 12:00:00,0.0
2089-05-23 12:00:00,0.0
2089-05-24 12:00:00,0.0
2089-05-25 12:00:00,1.41059345e-05
2089-05-26 12:00:00,0.0
2089-05-27 12:00:00,0.0
2089-05-28 12:00:00,0.0
2089-05-29 12:00:00,3.3275537e-05
2089-05-30 12:00:00,9.042266e-08
2089-06-01 12:00:00,0.0
2089-06-02 12:00:00,0.0
2089-06-03 12:00:00,0.0
2089-06-04 12:00:00,9.042266e-08
2089-06-05 12:00:00,1.2659173e-06
2089-06-06 12:00:00,9.042266e-08
2089-06-07 12:00:00,0.0
2089-06-08 12:00:00,0.0
2089-06-09 12:00:00,0.0
2089-06-10 12:00:00,0.0
2089-06-11 12:00:00,0.0
2089-06-12 12:00:00,0.0
2089-06-13 12:00:00,0.0
2089-06-14 12:00:00,4.5211328e-07
2089-06-15 12:00:00,0.00010579451
2089-06-16 12:00:00,0.00011402297
2089-06-17 12:00:00,9.042266e-08
2089-06-18 12:00:00,0.0
2089-06-19 12:00:00,0.0
2089-06-20 12:00:00,0.0
2089-06-21 12:00:00,0.0
2089-06-22 12:00:00,0.0
2089-06-23 12:00:00,0.0
2089-06-24 12:00:00,0.0
2089-06-25 12:00:00,0.0
2089-06-26 12:00:00,0.0
2089-06-27 12:00:00,0.0
2089-06-28 12:00:00,0.0
2089-06-29 12:00:00,0.0
2089-06-30 12:00:00,0.0
2089-07-01 12:00:00,0.0
2089-07-02 12:00:00,0.0
2089-07-03 12:00:00,0.0
2089-07-04 12:00:00,0.0
2089-07-05 12:00:00,0.0
2089-07-06 12:00:00,0.0
2089-07-07 12:00:00,0.0
2089-07-08 12:00:00,0.0
2089-07-09 12:00:00,0.0
2089-07-10 12:00:00,0.0
2089-07-11 12:00:00,0.0
2089-07-12 12:00:00,0.0
2089-07-13 12:00:00,0.0
2089-07-14 12:00:00,0.0
2089-07-15 12:00:00,0.0
2089-07-16 12:00:00,0.0
2089-07-17 12:00:00,0.0
2089-07-18 12:00:00,0.0
2089-07-19 12:00:00,0.0
2089-07-20 12:00:00,0.0
2089-07-21 12:00:00,0.0
2089-07-22 12:00:00,0.0
2089-07-23 12:00:00,0.0
2089-07-24 12:00:00,0.0
2089-07-25 12:00:00,0.0
2089-07-26 12:00:00,0.0
2089-07-27 12:00:00,0.0
2089-07-28 12:00:00,0.0
2089-07-29 12:00:00,0.0
2089-07-30 12:00:00,0.0
2089-08-01 12:00:00,0.0
2089-08-02 12:00:00,0.0
2089-08-03 12:00:00,0.0
2089-08-04 12:00:00,0.0
2089-08-05 12:00:00,0.0
2089-08-06 12:00:00,0.0
2089-08-07 12:00:00,0.0
2089-08-08 12:00:00,0.0
2089-08-09 12:00:00,1.6276078e-06
2089-08-10 12:00:00,0.0
2089-08-11 12:00:00,0.0
2089-08-12 12:00:00,0.0
2089-08-13 12:00:00,0.0
2089-08-14 12:00:00,0.0
2089-08-15 12:00:00,9.042266e-08
2089-08-16 12:00:00,0.0
2089-08-17 12:00:00,0.0
2089-08-18 12:00:00,0.0
2089-08-19 12:00:00,0.0
2089-08-20 12:00:00,0.0
2089-08-21 12:00:00,0.0
2089-08-22 12:00:00,0.0
2089-08-23 12:00:00,0.0
2089-08-24 12:00:00,0.0
2089-08-25 12:00:00,0.0
2089-08-26 12:00:00,0.0
2089-08-27 12:00:00,0.0
2089-08-28 12:00:00,0.0
2089-08-29 12:00:00,0.0
2089-08-30 12:00:00,0.0
2089-09-01 12:00:00,0.0
2089-09-02 12:00:00,0.0
2089-09-03 12:00:00,0.0
2089-09-04 12:00:00,0.0
2089-09-05 12:00:00,0.0
2089-09-06 12:00:00,0.0
2089-09-07 12:00:00,0.0
2089-09-08 12:00:00,0.0
2089-09-09 12:00:00,0.0
2089-09-10 12:00:00,0.0
2089-09-11 12:00:00,3.436061e-06
2089-09-12 12:00:00,0.0
2089-09-13 12:00:00,0.0
2089-09-14 12:00:00,0.0
2089-09-15 12:00:00,0.0
2089-09-16 12:00:00,0.0
2089-09-17 12:00:00,0.0
2089-09-18 12:00:00,0.0
2089-09-19 12:00:00,0.0
2089-09-20 12:00:00,0.0
2089-09-21 12:00:00,1.8084532e-07
2089-09-22 12:00:00,5.4253596e-06
2089-09-23 12:00:00,0.0
2089-09-24 12:00:00,1.8084532e-07
2089-09-25 12:00:00,7.233813e-07
2089-09-26 12:00:00,0.0
2089-09-27 12:00:00,0.0
2089-09-28 12:00:00,0.0
2089-09-29 12:00:00,0.0
2089-09-30 12:00:00,0.0
2089-10-01 12:00:00,8.138039e-07
2089-10-02 12:00:00,9.042266e-08
2089-10-03 12:00:00,0.0
2089-10-04 12:00:00,1.1754946e-05
2089-10-05 12:00:00,7.776349e-06
2089-10-06 12:00:00,4.521133e-06
2089-10-07 12:00:00,0.00010009788
2089-10-08 12:00:00,2.956821e-05
2089-10-09 12:00:00,5.172176e-05
2089-10-10 12:00:00,3.6169064e-07
2089-10-11 12:00:00,5.2625986e-05
2089-10-12 12:00:00,0.0001053424
2089-10-13 12:00:00,2.71268e-07
2089-10-14 12:00:00,0.0
2089-10-15 12:00:00,5.0817536e-05
2089-10-16 12:00:00,1.8084532e-07
2089-10-17 12:00:00,0.0
2089-10-18 12:00:00,0.0
2089-10-19 12:00:00,1.9892984e-06
2089-10-20 12:00:00,3.6169064e-07
2089-10-21 12:00:00,0.0
2089-10-22 12:00:00,0.0
2089-10-23 12:00:00,0.0
2089-10-24 12:00:00,6.085445e-05
2089-10-25 12:00:00,0.0
2089-10-26 12:00:00,6.3295863e-07
2089-10-27 12:00:00,9.042266e-08
2089-10-28 12:00:00,3.743498e-05
2089-10-29 12:00:00,0.0
2089-10-30 12:00:00,0.0
2089-11-01 12:00:00,0.0
2089-11-02 12:00:00,3.6169064e-07
2089-11-03 12:00:00,0.0
2089-11-04 12:00:00,1.4467626e-06
2089-11-05 12:00:00,7.233813e-07
2089-11-06 12:00:00,8.644406e-05
2089-11-07 12:00:00,5.78705e-05
2089-11-08 12:00:00,7.5955036e-06
2089-11-09 12:00:00,3.1828775e-05
2089-11-10 12:00:00,0.00019296196
2089-11-11 12:00:00,0.00025065162
2089-11-12 12:00:00,2.7307644e-05
2089-11-13 12:00:00,4.014766e-05
2089-11-14 12:00:00,7.4146583e-06
2089-11-15 12:00:00,1.6456925e-05
2089-11-16 12:00:00,0.00013509145
2089-11-17 12:00:00,0.00015769711
2089-11-18 12:00:00,4.5392175e-05
2089-11-19 12:00:00,6.971587e-05
2089-11-20 12:00:00,1.763242e-05
2089-11-21 12:00:00,4.5211328e-07
2089-11-22 12:00:00,6.86308e-05
2089-11-23 12:00:00,0.0
2089-11-24 12:00:00,0.0
2089-11-25 12:00:00,0.0
2089-11-26 12:00:00,0.0
2089-11-27 12:00:00,0.0
2089-11-28 12:00:00,0.0
2089-11-29 12:00:00,0.0
2089-11-30 12:00:00,7.14339e-06
2089-12-01 12:00:00,2.0254676e-05
2089-12-02 12:00:00,1.7180305e-06
2089-12-03 12:00:00,0.0
2089-12-04 12:00:00,0.0
2089-12-05 12:00:00,0.0
2089-12-06 12:00:00,2.71268e-07
2089-12-07 12:00:00,0.0
2089-12-08 12:00:00,1.1754946e-06
2089-12-09 12:00:00,1.8084532e-07
2089-12-10 12:00:00,9.042266e-08
2089-12-11 12:00:00,1.8988759e-06
2089-12-12 12:00:00,4.792401e-06
2089-12-13 12:00:00,2.3509892e-06
2089-12-14 12:00:00,0.00013111286
2089-12-15 12:00:00,0.0001197196
2089-12-16 12:00:00,4.376457e-05
2089-12-17 12:00:00,0.00021176988
2089-12-18 12:00:00,0.00022777468
2089-12-19 12:00:00,0.000106246625
2089-12-20 12:00:00,5.072711e-05
2089-12-21 12:00:00,1.8988759e-06
2089-12-22 12:00:00,0.0
2089-12-23 12:00:00,0.0
2089-12-24 12:00:00,1.8084531e-06
2089-12-25 12:00:00,2.920652e-05
2089-12-26 12:00:00,2.71268e-07
2089-12-27 12:00:00,0.0
2089-12-28 12:00:00,0.0
2089-12-29 12:00:00,0.0
2089-12-30 12:00:00,0.0
2090-01-01 12:00:00,0.0
2090-01-02 12:00:00,0.0
2090-01-03 12:00:00,0.00018608983
2090-01-04 12:00:00,2.8031025e-05
2090-01-05 12:00:00,0.00020055746
2090-01-06 12:00:00,2.2605665e-05
2090-01-07 12:00:00,3.978597e-06
2090-01-08 12:00:00,0.00015281429
2090-01-09 12:00:00,3.1467087e-05
2090-01-10 12:00:00,0.00012604918
2090-01-11 12:00:00,5.940769e-05
2090-01-12 12:00:00,9.6119285e-05
2090-01-13 12:00:00,0.0
2090-01-14 12:00:00,4.340288e-06
2090-01-15 12:00:00,0.0
2090-01-16 12:00:00,3.3908498e-05
2090-01-17 12:00:00,0.00015073457
2090-01-18 12:00:00,0.0
2090-01-19 12:00:00,5.22643e-05
2090-01-20 12:00:00,2.586088e-05
2090-01-21 12:00:00,2.5318345e-06
2090-01-22 12:00:00,7.052968e-05
2090-01-23 12:00:00,0.00012044298
2090-01-24 12:00:00,1.9892985e-05
2090-01-25 12:00:00,3.6169064e-07
2090-01-26 12:00:00,1.8084532e-07
2090-01-27 12:00:00,2.079721e-06
2090-01-28 12:00:00,2.079721e-06
2090-01-29 12:00:00,4.159442e-06
2090-01-30 12:00:00,4.521133e-05
2090-02-01 12:00:00,4.557302e-05
2090-02-02 12:00:00,4.964204e-05
2090-02-03 12:00:00,4.0690197e-06
2090-02-04 12:00:00,9.042266e-08
2090-02-05 12:00:00,3.6169064e-07
2090-02-06 12:00:00,9.042266e-08
2090-02-07 12:00:00,0.00017777095
2090-02-08 12:00:00,2.0887634e-05
2090-02-09 12:00:00,0.0
2090-02-10 12:00:00,4.4307103e-06
2090-02-11 12:00:00,0.00016384586
2090-02-12 12:00:00,2.070679e-05
2090-02-13 12:00:00,0.0
2090-02-14 12:00:00,5.877473e-06
2090-02-15 12:00:00,2.549919e-05
2090-02-16 12:00:00,4.6477246e-05
2090-02-17 12:00:00,7.2518975e-05
2090-02-18 12:00:00,0.0002765125
2090-02-19 12:00:00,3.2009622e-05
2090-02-20 12:00:00,6.2662904e-05
2090-02-21 12:00:00,8.7890825e-05
2090-02-22 12:00:00,5.1812185e-05
2090-02-23 12:00:00,3.0743704e-06
2090-02-24 12:00:00,2.2605666e-06
2090-02-25 12:00:00,1.392509e-05
2090-02-26 12:00:00,0.0
2090-02-27 12:00:00,8.49973e-05
2090-02-28 12:00:00,2.2153552e-05
2090-02-29 12:00:00,8.138039e-07
2090-02-30 12:00:00,1.6276078e-06
2090-03-01 12:00:00,0.0
2090-03-02 12:00:00,1.1754946e-06
2090-03-03 12:00:00,2.1972706e-05
2090-03-04 12:00:00,0.0
2090-03-05 12:00:00,0.0
2090-03-06 12:00:00,3.2552157e-06
2090-03-07 12:00:00,1.6276078e-06
2090-03-08 12:00:00,3.6169064e-07
2090-03-09 12:00:00,0.0
2090-03-10 12:00:00,0.0
2090-03-11 12:00:00,0.0
2090-03-12 12:00:00,0.0
2090-03-13 12:00:00,3.228089e-05
2090-03-14 12:00:00,0.0005700244
2090-03-15 12:00:00,2.6493839e-05
2090-03-16 12:00:00,1.8988758e-05
2090-03-17 12:00:00,9.042266e-08
2090-03-18 12:00:00,9.042266e-08
2090-03-19 12:00:00,2.71268e-07
2090-03-20 12:00:00,2.8483139e-05
2090-03-21 12:00:00,0.00012532581
2090-03-22 12:00:00,9.57576e-05
2090-03-23 12:00:00,1.085072e-06
2090-03-24 12:00:00,4.5211328e-07
2090-03-25 12:00:00,6.7816995e-06
2090-03-26 12:00:00,1.7180305e-06
2090-03-27 12:00:00,7.685926e-05
2090-03-28 12:00:00,6.799784e-05
2090-03-29 12:00:00,6.0673603e-05
2090-03-30 12:00:00,0.0
2090-04-01 12:00:00,0.0
2090-04-02 12:00:00,0.0
2090-04-03 12:00:00,0.0
2090-04-04 12:00:00,0.0
2090-04-05 12:00:00,0.0
2090-04-06 12:00:00,0.0
2090-04-07 12:00:00,0.0
2090-04-08 12:00:00,0.0
2090-04-09 12:00:00,0.0
2090-04-10 12:00:00,0.0
2090-04-11 12:00:00,1.8084532e-07
2090-04-12 12:00:00,4.159442e-06
2090-04-13 12:00:00,0.0
2090-04-14 12:00:00,0.0
2090-04-15 12:00:00,0.0
2090-04-16 12:00:00,0.0
2090-04-17 12:00:00,0.0
2090-04-18 12:00:00,0.0
2090-04-19 12:00:00,2.8211869e-05
2090-04-20 12:00:00,0.00011320917
2090-04-21 12:00:00,0.0
2090-04-22 12:00:00,0.0
2090-04-23 12:00:00,0.0
2090-04-24 12:00:00,0.0
2090-04-25 12:00:00,3.6169063e-06
2090-04-26 12:00:00,0.0
2090-04-27 12:00:00,0.0
2090-04-28 12:00:00,0.0
2090-04-29 12:00:00,0.0
2090-04-30 12:00:00,0.0
2090-05-01 12:00:00,0.0
2090-05-02 12:00:00,0.0
2090-05-03 12:00:00,0.0
2090-05-04 12:00:00,0.0
2090-05-05 12:00:00,0.0
2090-05-06 12:00:00,0.0
2090-05-07 12:00:00,0.0
2090-05-08 12:00:00,0.0
2090-05-09 12:00:00,1.2659173e-06
2090-05-10 12:00:00,2.079721e-06
2090-05-11 12:00:00,4.1684845e-05
2090-05-12 12:00:00,9.1779e-05
2090-05-13 12:00:00,0.00019775436
2090-05-14 12:00:00,8.047617e-06
2090-05-15 12:00:00,9.042266e-08
2090-05-16 12:00:00,0.0
2090-05-17 12:00:00,0.0
2090-05-18 12:00:00,0.0
2090-05-19 12:00:00,0.0
2090-05-20 12:00:00,0.0
2090-05-21 12:00:00,0.0
2090-05-22 12:00:00,0.0
2090-05-23 12:00:00,0.0
2090-05-24 12:00:00,0.0
2090-05-25 12:00:00,0.0
2090-05-26 12:00:00,9.042266e-08
2090-05-27 12:00:00,9.946492e-07
2090-05-28 12:00:00,8.590153e-06
2090-05-29 12:00:00,0.0
2090-05-30 12:00:00,0.0
2090-06-01 12:00:00,0.0
2090-06-02 12:00:00,0.0
2090-06-03 12:00:00,0.0
2090-06-04 12:00:00,5.606205e-06
2090-06-05 12:00:00,0.0
2090-06-06 12:00:00,0.0
2090-06-07 12:00:00,0.0
2090-06-08 12:00:00,0.0
2090-06-09 12:00:00,0.0
2090-06-10 12:00:00,0.0
2090-06-11 12:00:00,9.042266e-08
2090-06-12 12:00:00,4.5211328e-07
2090-06-13 12:00:00,0.0
2090-06-14 12:00:00,0.0
2090-06-15 12:00:00,9.042266e-08
2090-06-16 12:00:00,0.0
2090-06-17 12:00:00,0.0
2090-06-18 12:00:00,0.0
2090-06-19 12:00:00,0.0
2090-06-20 12:00:00,0.0
2090-06-21 12:00:00,0.0
2090-06-22 12:00:00,0.0
2090-06-23 12:00:00,0.0
2090-06-24 12:00:00,0.0
2090-06-25 12:00:00,0.0
2090-06-26 12:00:00,0.0
2090-06-27 12:00:00,0.0
2090-06-28 12:00:00,0.0
2090-06-29 12:00:00,0.0
2090-06-30 12:00:00,0.0
2090-07-01 12:00:00,0.0
2090-07-02 12:00:00,0.0
2090-07-03 12:00:00,0.0
2090-07-04 12:00:00,0.0
2090-07-05 12:00:00,0.0
2090-07-06 12:00:00,0.0
2090-07-07 12:00:00,0.0
2090-07-08 12:00:00,0.0
2090-07-09 12:00:00,0.0
2090-07-10 12:00:00,0.0
2090-07-11 12:00:00,0.0
2090-07-12 12:00:00,0.0
2090-07-13 12:00:00,0.0
2090-07-14 12:00:00,0.0
2090-07-15 12:00:00,0.0
2090-07-16 12:00:00,0.0
2090-07-17 12:00:00,0.0
2090-07-18 12:00:00,0.0
2090-07-19 12:00:00,0.0
2090-07-20 12:00:00,0.0
2090-07-21 12:00:00,0.0
2090-07-22 12:00:00,0.0
2090-07-23 12:00:00,0.0
2090-07-24 12:00:00,0.0
2090-07-25 12:00:00,0.0
2090-07-26 12:00:00,0.0
2090-07-27 12:00:00,0.0
2090-07-28 12:00:00,0.0
2090-07-29 12:00:00,0.0
2090-07-30 12:00:00,0.0
2090-08-01 12:00:00,0.0
2090-08-02 12:00:00,0.0
2090-08-03 12:00:00,0.0
2090-08-04 12:00:00,0.0
2090-08-05 12:00:00,0.0
2090-08-06 12:00:00,0.0
2090-08-07 12:00:00,0.0
2090-08-08 12:00:00,0.0
2090-08-09 12:00:00,0.0
2090-08-10 12:00:00,0.0
2090-08-11 12:00:00,0.0
2090-08-12 12:00:00,0.0
2090-08-13 12:00:00,0.0
2090-08-14 12:00:00,0.0
2090-08-15 12:00:00,0.0
2090-08-16 12:00:00,0.0
2090-08-17 12:00:00,0.0
2090-08-18 12:00:00,0.0
2090-08-19 12:00:00,0.0
2090-08-20 12:00:00,0.0
2090-08-21 12:00:00,0.0
2090-08-22 12:00:00,0.0
2090-08-23 12:00:00,0.0
2090-08-24 12:00:00,0.0
2090-08-25 12:00:00,0.0
2090-08-26 12:00:00,0.0
2090-08-27 12:00:00,0.0
2090-08-28 12:00:00,0.0
2090-08-29 12:00:00,0.0
2090-08-30 12:00:00,0.0
2090-09-01 12:00:00,0.0
2090-09-02 12:00:00,0.0
2090-09-03 12:00:00,0.0
2090-09-04 12:00:00,0.0
2090-09-05 12:00:00,0.0
2090-09-06 12:00:00,0.0
2090-09-07 12:00:00,0.0
2090-09-08 12:00:00,0.0
2090-09-09 12:00:00,0.0
2090-09-10 12:00:00,0.0
2090-09-11 12:00:00,0.0
2090-09-12 12:00:00,0.0
2090-09-13 12:00:00,0.0
2090-09-14 12:00:00,0.0
2090-09-15 12:00:00,0.0
2090-09-16 12:00:00,0.0
2090-09-17 12:00:00,0.0
2090-09-18 12:00:00,0.0
2090-09-19 12:00:00,0.0
2090-09-20 12:00:00,0.0
2090-09-21 12:00:00,0.0
2090-09-22 12:00:00,0.0
2090-09-23 12:00:00,0.0
2090-09-24 12:00:00,0.0
2090-09-25 12:00:00,0.0
2090-09-26 12:00:00,0.0
2090-09-27 12:00:00,0.0
2090-09-28 12:00:00,0.0
2090-09-29 12:00:00,0.0
2090-09-30 12:00:00,9.042266e-08
2090-10-01 12:00:00,0.0
2090-10-02 12:00:00,0.0
2090-10-03 12:00:00,0.0
2090-10-04 12:00:00,0.0
2090-10-05 12:00:00,0.0
2090-10-06 12:00:00,0.0
2090-10-07 12:00:00,0.0
2090-10-08 12:00:00,0.0
2090-10-09 12:00:00,0.0
2090-10-10 12:00:00,0.0
2090-10-11 12:00:00,0.0
2090-10-12 12:00:00,0.0
2090-10-13 12:00:00,5.9678955e-06
2090-10-14 12:00:00,8.9518435e-06
2090-10-15 12:00:00,8.9518435e-05
2090-10-16 12:00:00,9.042266e-08
2090-10-17 12:00:00,0.0
2090-10-18 12:00:00,0.0
2090-10-19 12:00:00,0.0
2090-10-20 12:00:00,0.0
2090-10-21 12:00:00,0.0
2090-10-22 12:00:00,0.0
2090-10-23 12:00:00,0.0
2090-10-24 12:00:00,0.0
2090-10-25 12:00:00,0.0
2090-10-26 12:00:00,0.0
2090-10-27 12:00:00,0.0
2090-10-28 12:00:00,0.0
2090-10-29 12:00:00,0.0
2090-10-30 12:00:00,5.98598e-05
2090-11-01 12:00:00,2.7126798e-06
2090-11-02 12:00:00,9.042266e-08
2090-11-03 12:00:00,0.0
2090-11-04 12:00:00,0.0
2090-11-05 12:00:00,0.0
2090-11-06 12:00:00,0.0
2090-11-07 12:00:00,0.0
2090-11-08 12:00:00,2.3871582e-05
2090-11-09 12:00:00,2.71268e-07
2090-11-10 12:00:00,5.78705e-06
2090-11-11 12:00:00,4.5392175e-05
2090-11-12 12:00:00,0.0
2090-11-13 12:00:00,0.0
2090-11-14 12:00:00,0.0
2090-11-15 12:00:00,1.6276078e-06
2090-11-16 12:00:00,5.42536e-07
2090-11-17 12:00:00,9.494379e-06
2090-11-18 12:00:00,7.233813e-07
2090-11-19 12:00:00,9.0422657e-07
2090-11-20 12:00:00,3.644033e-05
2090-11-21 12:00:00,6.5104314e-06
2090-11-22 12:00:00,2.106848e-05
2090-11-23 12:00:00,2.2605666e-06
2090-11-24 12:00:00,1.8084531e-06
2090-11-25 12:00:00,0.0
2090-11-26 12:00:00,9.042266e-08
2090-11-27 12:00:00,0.0
2090-11-28 12:00:00,0.0
2090-11-29 12:00:00,0.0
2090-11-30 12:00:00,4.5211328e-07
2090-12-01 12:00:00,0.00015652162
2090-12-02 12:00:00,9.449168e-05
2090-12-03 12:00:00,0.0
2090-12-04 12:00:00,0.0
2090-12-05 12:00:00,0.0
2090-12-06 12:00:00,0.0
2090-12-07 12:00:00,3.2009622e-05
2090-12-08 12:00:00,0.0
2090-12-09 12:00:00,0.0
2090-12-10 12:00:00,0.0
2090-12-11 12:00:00,2.3509892e-06
2090-12-12 12:00:00,2.71268e-07
2090-12-13 12:00:00,1.3563399e-06
2090-12-14 12:00:00,2.0525944e-05
2090-12-15 12:00:00,0.0001615853
2090-12-16 12:00:00,3.5716952e-05
2090-12-17 12:00:00,8.445476e-05
2090-12-18 12:00:00,5.6966277e-05
2090-12-19 12:00:00,0.00010823592
2090-12-20 12:00:00,0.00011519847
2090-12-21 12:00:00,8.264631e-05
2090-12-22 12:00:00,1.8084532e-07
2090-12-23 12:00:00,6.6912767e-06
2090-12-24 12:00:00,3.879132e-05
2090-12-25 12:00:00,3.6802023e-05
2090-12-26 12:00:00,2.549919e-05
2090-12-27 12:00:00,1.8084532e-07
2090-12-28 12:00:00,4.521133e-05
2090-12-29 12:00:00,3.7977518e-06
2090-12-30 12:00:00,8.400265e-05
